title,body
主は実践だ,主は　わが主は 言葉だけでなく　日昇り沈むまで 実践だ　実践した しるしの歴史だ　奇跡の歴史だ 歴史がながれていゆく  主は　わが主は 言葉だけでなく　日昇り沈むまで 実践だ　実践した しるしの歴史だ　奇跡の歴史だ 歴史がながれていゆく  神様　聖霊様 われらを見て　今日も喜び　来られた 希望の愛の歴史だ 地上でも天でも　未練もない 引き上げの生だ　愛の生だ
約束の実践,あなたに神が約束しても パーセント為した時に成就する 行なっただけ　万事成されてゆく 行なわないと　歳月が過ぎても成されない 心思い命尽くし　すべき時実践だ 神の約束あるから　責任果たせば 世に 不可能なことない  あなたに神が約束しても パーセント為した時に成就する 行なっただけ　万事成されてゆく 行なわないと　歳月が過ぎても成されない 心思い命尽くし　すべき時実践だ 神の約束あるから　責任果たせば 世に 不可能なことない 心思い命尽くし　すべき時実践だ 神の約束あるから　責任果たせば 世に 不可能なことない
許しと愛,主よわが罪　許してください 許して主のものにしてください そのままなら死の道行 ゆ く　 許さないか　気を揉むわが心 許されたら　 これから主のためだけ生きます 主の御言葉に従い　愛で引き上げ 主と共に　永遠に生きます  これから主のためだけ生きます 主の御言葉に従い　愛で引き上げ 主と共に　永遠に生きます これから主のためだけ生きます 主の御言葉に従い　愛で引き上げ 主と共に　永遠に生きます 主と共に　永遠に生きます まーーーす
やることは多いが,やること多いが 時間は理由がない 今日も勤しみ 走り走れ 神は構想 われは実践だ 日暮れ前 早く 走り走ろう 聖霊 催促なさる 勤しみ 時間通り 行なえ 時過ぎたら できない 勤しみ 瞬間の機会 忘れるな  日暮れ前 早く 走り走ろう 聖霊 催促なさる 勤しみ 時間通り 行なえ 時過ぎたら できない 勤しみ 瞬間の機会 忘れるな
夢を成す道,今日も私 日が昇り沈むまで 運動場 回り あちこち走って 駆け巡り 飛び回った  神様 見られ 聖霊様 共に 同行なさり 人生は 素敵に 有意義に 目的向かい 生きるべきだ われらは 神様仕え 聖霊様と 愛しながら 愛する楽しみ 味わい 肉体一生 肉体 終わった後は 霊魂が この世離れ 神様 用意なさり われら この世で生きて　行なった通り 　 黄金天国に行き 永遠に 永遠に 愛して生きてゆくのだ  愛します 愛しています 神様 聖霊様 われらは愛して仕え敬って 生きるべきだ 生きるべきだ これが人生の夢を成す道なのだ 生まれた目的なのだ
肉の生が霊の生だ,あの霊魂 見なさい　命の道 行く 多くの霊たち 死の道行く 誰が救うか この世の 肉の生が 霊の生だ 霊魂の運命が すべてこの世で 肉が生きる間 変わり 決まるのだ  新時代 御言葉聞き 主神様愛して　永遠な命の道 行け 　 霊肉 主と聖霊と 共に生きなさい 愛の引き上げ 黄金天国 永遠だ  あの世の中 見なさい 肉だけのため生きる あなた　霊を 知らず生きるのか 誰が知るか 虚しい人生の生を 肉の世だけ 天国にし 虚しく 生きるのか 主を信じて 永遠な世界 生きなさい 神様 愛して 永遠に 天国で　喜び 生きなさい 　 知らない人 あまりに虚しく生きていく 知ってる人 幸せに 生きていく 知ってる人 幸せに 生きていく
成し遂げた愛,長い日々　待っていた主よ いつ会えるでしょう 愛の火は　心熱く燃え 今日も愛は変わらないが　主もそうだ 創造の目的を成して　愛を成した 主を愛し愛す　心変わらない 最高の極の愛だ　今日も次元を上げよ 地の黄金天国　天の黄金天国 神様　聖霊　主　御子 輝き　美しい　永遠だ 永遠に　愛してる  創造の目的を成して　愛を成した 主を愛し愛す　心変わらない 最高の極の愛だ　今日も次元を上げよ 地の黄金天国　天の黄金天国 神様　聖霊　主　御子 輝き　美しい　永遠だ 永遠に　愛してる 輝き　美しい　永遠だ 永遠に　愛してる 永遠に　愛してる 永遠に　愛してる
『 願われるとおりになさるから 仮題 』,神様、御子 願われるとおりになさるから 外も中も美しく 神秘的な 神様の構想 大傑作品だ。 誰でも自分中心の考え捨てたら 神様、聖霊様、御子 願われるとおりになさり 大傑作を作って満足なさる。 喜び満ち 愛満ち 満足なさる。 最高の位置 最高の傑作だ。 最高の存在 神様の宮を作って主を生み 従う人住まわせる。 人間は誰でもやりたいとおりにやってこそ満足だが 三位一体神様、天地創造なさり ついに願うとおりに成し遂げ、満足なさった。 愛の対象見つけ 引き上げの歴史だ。 地上で黄金天国 天の黄金天国だ。 永遠な愛の歴史だ。 最高の位置 最高の傑作だ。 最高の存在 神様の宮を作って主を生み 従う人住まわせる。 人間は誰でもやりたいとおりにやってこそ満足だが 三位一体神様、天地創造なさり ついに願うとおりに成し遂げ、満足なさった。 愛の対象見つけ 引き上げの歴史だ。 地上で黄金天国 天の黄金天国だ。 永遠な愛の歴史だ。 永遠な愛の歴史だ。 永遠な愛の歴史だ。
願われるとおりになさるから,神様 御子 願うとおりなさり 外も中も 神秘で美しい 神の構想 傑作品だ 自分中心 捨てたら 神様 聖霊 御子　願う通りなさり 傑作 作り 満足する 喜び 愛 充満 満足なさる 最高の位置 最高傑作だ 最高の存在 神の宮 造り 主を生み 従う人住む 人は誰も やりたいようにやって満足だが 三位一体 神様 天地創造なさり ついに 願うとおり 成し遂げ 満足した 愛の対象見つけ 引き上げ歴史 地上 黄金天国 天の黄金天国 永遠な愛の歴史だ  最高の位置 最高傑作だ 最高の存在 神の宮 造り 主を生み 従う人住む 人は誰も やりたいようにやって満足だが 三位一体 神様 天地創造なさり ついに 願うとおり 成し遂げ 満足した 愛の対象見つけ 引き上げ歴史 地上 黄金天国 天の黄金天国 永遠な愛の歴史だ 永遠な愛の歴史だ 永遠な愛の歴史だ
理想世界,神話の世界だ　夢の実現だ 思い描いてた幻想の世界だ 神秘に輝く黄金の世界だ 神様 嬉しくて とどまる場所だ 天の経緯 いきさつ 御心 ここにある 美しく神秘的 雄大だ 奇岩絶景　滝が　あちこちで流れ落ち 仙女湯 プールが多く多い 青い芝生 広場 運動場 宴会場 うっとりと美しく　神秘に輝く 湖には舟 行き交いロマンだ 様々な形象 山々広がる 神秘に輝く黄金の世界だ 理想世界だ
落胆するな,困難にぶつかっても 落胆するな あきらめるな 最後まで 最後まで 行くべきだ そうしたら 得るだろう 神様 聖霊様 定めた日に すべて 成してくださる 永遠に 永遠に あなたと私を 愛される 波のよう 風のよう 困難があっても 苦労が無になり 駄目になっても 神と主の ほかの御旨あるから 落胆するな あきらめるな 最後まで 最後まで 行くべきだ 聖霊は あなたが どこに行っても 共に 共にしてくださる  祈って 讃美して 心配せず 毎日 大胆に 行なえ 決心して 勇気出し 行なおう
『理想世界 』,理想世界 神話の世界だ。夢の実現の世界だ。 いつか想像していた幻想的な世界だ。 神秘的で輝かしい黄金色の世界だ。 理想世界 神様があまりにもすばらしくて、決めた場所だ。 天の経緯と御心　このような場所　どこにあるか。 美しく神秘的で雄大だ。 奇岩絶壁、滝があちらこちらで流れ落ち 幻想的なプールが多く多い。 緑の芝生の広場　広い運動場　宴会場 うっとりとさせ、美しく神秘的で輝かしい。 青い湖　船が行きかい　ロマンの天国だ。 女の形　形象の山々で　神秘的に囲まれている。 天下に二つとない紫微垣 しびえん 見れば見るほど美しく神秘的だ。 千年王国　自然聖殿　月明洞。
前もってしなさい,成功・勝利する人は 前もって実践した 時間の縮地 しるしの生だ 時間の縮地 しるしの生だ 前に 前に 前に 急いで実践しなさい 神様 前もって行われた 聖霊様の感動『前もってしなさい』 大きなことも 心配しないで 前もって行いなさい ミリミリ ミリミリ ミリミリ 急いで実践しなさい 前もってすれば 死も避ける 全て 不可能も無い 主に従い 前もってせよ 昼 来たら 夜が来る 前に 前に 前に 急いで実践しなさい 前もってすれば 運命変わる 成功・勝利・喜びの生だ 摂理史 前もって行って勝利した 希望・愛・幸せな生だ ミリミリ ミリミリ ミリミリ 急いで実践しなさい 前に 前に 前に 急いで実践しなさい ミリミリ ミリミリ ミリミリ 急いで実践しなさい 急いで実践しなさい 急いで実践しなさい
みんな共に 歌おう,みんな共に 歌おう みんな三位に栄光を帰そう いつの間にか 天の永遠な新婦になった 過ぎた経緯 思い出を 皆 みな で歌おう 踊ろう 三位の永遠 とわ の愛は 我らを幸せに生きるようにした 肉も霊も感謝して 喜んで 歌おう 踊ろう 愛そう 主と喜びの対話は 永遠 とわ の愛の黄金天国  過ぎた経緯 思い出を 皆 みな で歌おう 踊ろう 三位の永遠 とわ の愛は 我らを幸せに生きるようにした 肉も霊も感謝して 喜んで 歌おう 踊ろう 愛そう 主と喜びの対話は 永遠 とわ の愛の黄金天国 喜んで 歌おう 踊ろう 愛そう 主と喜びの対話は 永遠 とわ の愛の黄金天国 永遠 とわ の愛の黄金天国
『目を上げ万物を見なさい 仮題 』,目を上げ万物を見なさい 神様創造した天地万物人々 文字で見せて三位一体神様語られる 全能なる神様 ご自身が創造した天地万物を見せ これと同じくこうだ その時その時啓示なさる 啓示の御言葉　命のように悟って 遅くなる前に　急いで光のように行ないなさい 聖霊様が感動を与え 主と共に行なわれる
目を上げ万物を見よ,目を上げ 万物見よ 神が造った　天地万物 人々 文字で 見せて 三位一体 神様　話される 全能なる神様　ご自身で作った 天地万物見せて これと同じく　このようだ その都度　啓示なさる 啓示の御言葉　悟って 遅れず 光のように　行なえ 感動の 聖霊が 主共に　行なわれる 主共に　行なわれる 主共に　行なわれる
御座 野心作,夏の 梅雨の雨は 一日 ざあざあと 降り注ぐが ああ われら 千年の宮のため 岩の造形 笑いながら 歌って建てた 食べること 寝ること 忘れて 炎のように見る 神の 構想 受け われら 御子 天の 来られた 愛する人と 神様と 聖霊と 主と共に われら 日々 力強く 希望で 実践した 事故も害もなく 沈黙の中 美しさは 日々 素敵に 第 の創造を 行なった すべての心 夢中になった 希望の将来に 理想世界に 日々 幻想に 笑って 希望 満ちる  しかし ある日 突然 雨風きて 天が開けて ノアの洪水のように 降り注ぐ雨は　無情だった 　 恨めなかったけれど 無情だった そして崩れる ものすごい音は 城壁が一瞬に崩れるようだった 皆 驚き 衝撃受けた しかし それでも わが心は 崩れなかった 岩は崩れても わが心 崩れなかった 心配するな 必ず 積み上げると 決心し 神様 心配しないでください 必ず 美しく 素敵に もっと素敵にやる 七転八起 しちてんはっき するとしても やると決心して 神様 私見て なんと言ったか 分かるか あなたは行なう 必ずやる 私といるから 聖霊様 感動くださり 御子は 手ずから 私と行ない 私の 時代の新婦たちと 毎日 積み 積み上げた  積んだら崩れ 崩れたら また立て 積んだら崩れて 崩れたら また立て 心は崩れはしなかった だから 再びやった ついに 度まで崩れたが 度目に また立て もっと美しく 積んでしまった 主神様 嬉しく 喜ばれた 見る人 皆 美しく 神秘的だ 雄大だ 天に向かって 叫び 声を上げ 自負心を持った ついに 神様の自負心 野心作は完成した 完全に完成した  その後 年後に 神様に 野心作は何かと聞いてみたら 悟れ わが野心は 何だろうか わが御座ではないか わが天の御座ではないか 地上に わが御座を置こう と言った 御言葉を 成したものだ とおっしゃった あの貴重なもののため 崩れて 崩れて また作って 泣きながら 作ったのだな 私も すべての人も 悟って分かった 自然聖殿ではないか 全世界 どこでも 見ることのできない 神様の構想 自然聖殿 山 良く 水 良く 環境が良い場所 全世界 皆が言う 紫微垣だ 半月の場所　美しい この場所は いつでも 誰が見ても 　 幻想に浸る 感嘆の声だけ するのだな 主神様 迎え 千年間 来た主と共に　愛し合い 天地創造目的 人間創造した目的 ここで 六千年の歴史のうえ 成し遂げた 今日も その歴史は 千年に向かって 日々 川の水 あの海のよう 強く 美しく 雄大に 広がってゆく
松の木,松の木 松の木よ いつも青い松の木 あなたが好きだ あなたのよう 青い考えで 学び 磨き 美しい愛で 巨木になろう  松の木 松の木よ いつも青い松の木 あなたが好きだ あなたのよう 青い考えで 学び 磨き 美しい愛で 巨木になろう 美しい愛で 巨木になろう
恵み、感謝 恩典感謝,、聖三位われらに行なった経緯 聖三位在我們身上 動工的故事 その恵みと感謝は言い尽くせない 那一切恩典 感激感謝 言語如何能表達 、その経緯　みなが聞いて 聆聽三位動工的 一切故事後 恵みに感謝、栄光、愛　忘れずに帰そう 那恩典與感謝 榮耀與愛 不要遺忘 要完全獻上 、今日も聖三位 在今天 聖三位 あまりに愛してまた下さってる 也因為滿溢著愛 正賜下豐盛恩典 感謝、愛、栄光　帰そう 感謝 真愛 榮耀 我們來獻上  、聖三位われらに行なった経緯 聖三位在我們身上 動工的故事 その恵みと感謝は言い尽くせない 那一切恩典 感激感謝 言語如何能表達 、その経緯　みなが聞いて 聆聽三位動工的 一切故事後 恵みに感謝、栄光、愛　忘れずに帰そう 那恩典與感謝 榮耀與愛 不要遺忘 要完全獻上 、今日も聖三位 在今天 聖三位 あまりに愛してまた下さってる 也因為滿溢著愛 正賜下豐盛恩典 感謝、愛、栄光　帰そう 感謝 真愛 榮耀 我們來獻上
恵み、感謝,、聖三位われらに行なった経緯 その恵みと感謝は言い尽くせない 、その経緯　みなが聞いて 恵みに感謝、栄光、愛　忘れずに帰そう 、今日も聖三位 あまりに愛してまた下さってる 感謝、愛、栄光　帰そう  、聖三位われらに行なった経緯 その恵みと感謝は言い尽くせない 、その経緯　みなが聞いて 恵みに感謝、栄光、愛　忘れずに帰そう 、今日も聖三位 あまりに愛してまた下さってる 感謝、愛、栄光　帰そう
御旨咲く新歴史に,御旨咲く　新歴史に　主が来たから 主と共に　地上天国成して喜び走る 地上に引き上げの門開いた 選民千年婚宴広げる 戻れ摂理へ　愛しい兄弟よ  千年を一日のよう　待ってた歴史は 恋しく　待ってた長い日々の希望だった 今日も主と共に愛し合い 天と地ひとつで黄金天国広げる 御子が降臨し　ついに成し遂げた  今日も主と共に愛し合い 天と地ひとつで黄金天国広げる 御子が降臨し　ついに成し遂げた ついに成し遂げた　ついに成し遂げた
御心の点,神様 初めに 点から 始められる 摂理史、一坪の点から 始めた 地球世界 一人の点から 始めた 御子の肉と 全世界 働きかけた 聖霊の 感動の 熱い 歴史だった あなたが踏んだ地 あなたと子孫に与えた 横になった場所 わが宮になった 約束どおり 目的を成し遂げた 愛、引き上げだ わが愛は 永遠な歴史だ  神様 初めに 点から 始められる 摂理史、一坪の点から 始めた 地球世界 一人の点から 始めた 御子の肉と 全世界 働きかけた 聖霊の 感動の 熱い 歴史だった あなたが踏んだ地 あなたと子孫に与えた 横になった場所 わが宮になった 約束どおり 目的を成し遂げた 愛、引き上げだ わが愛は 永遠な歴史だ 約束どおり 目的を成し遂げた 愛、引き上げだ わが愛は 永遠な歴史だ わが愛は 永遠な歴史だ
待っているうちに石になった,主が恋しく 待っているうちに 私 月明洞に立つ石のようになりました あれほど待っていた主が来て 私を見るでしょう 主の心情は どうだろう 気の毒で 涙流し 私を 忘れないでしょう このよう 千年間 皆が見て 我が熱い愛を 皆 わかるでしょう 我が霊魂 主を迎え 生きるから 今は 待つことも 別れもなく 愛して 永遠に 生きてゆく 我が愛も 永遠で 主の愛も 永遠だ  我が霊魂 主を迎え 生きるから 今は 待つことも 別れもなく 愛して 永遠に 生きてゆく 我が愛も 永遠で 主の愛も 永遠だ 我が愛も 永遠で 主の愛も 永遠だ
待つ心,新歴史 主が来た ついて来い 摂理に 御言葉を 聞きに来い 待ちに待ってた主 来たから 御言葉 心情にふれ 涙 流した 疲れて倒れたら 呼んでください わが心 波打つ時 支えてください 待ちに待ったから 呼んでください 歌声 御言葉に 涙 流した  疲れて辛い時 賛美せよ 心に波打つ時 祈りなさい 待ちに待ってた主に 会うだろう 歌声 御言葉に 力得た 待ちに待ってた主に 会うだろう 歌声 御言葉に 力得た 待ちに待ってた主に 会うだろう 歌声 御言葉に 力得た 力得た
目的のあるところに御心がある,雨降っても 風も吹いても 雨に とめどもなく濡れて 歩いてく 走っても行く どんな経緯 あるか 行く道 前に 雨風 怖いのか 患難波風を 恐れるか 目的ある場所 御旨ある 待っている あなたを 主神様 聖霊様は あなたと 行なわれる  目的ある場所 御旨ある 待っている あなたを 主神様 聖霊様は あなたと 行なわれる 主神様 聖霊様は あなたと 行なわれる
もっとよくやりなさい,もっとよくやりなさい もっとよくやりなさい 誰でももっとしてこそ もっとよくなる 聖霊様 今日も私に話された よくしてこそ もっとよくなる 神様 全摂理史の新婦たちに 話された もっとやることが理想世界だ 黄金天国 成される 今日も明日も もっと努力し もっと祈り　もっと走り飛んで 　 もっとよくやることだ 主神様 何をわれらに 願われるか 新婦たち 今日も 天地創造しておき 愛の対象たち 生きて 満足に　愛の満足 　 神の願われる目的の満足なのだ  われらもっとよくやるには どれほど大変か 知っているが もがきの理想世界だ 涙のパンを食べてこそ 輝く希望が成される 人間よ あなたは何のために 心を 全身を捧げるのか 肉のため 自分のため あれこれやってみるが 結局は虚しく ため息ばかりだろう 永遠なあの世この世 理想世界をつくり 主神様 愛の対象になり 心尽くし 思い尽くし 生きてゆくことだ
万物の啓示を学びなさい,見る時 ハッキリ見なさい 聞く時 詳しく聞け 正しく 行なえるだろう 万物 見せても ちゃんと悟れないのだな 神も聖霊も その都度 ふさわしく啓示なさるが 正しく解けていない 万物の 啓示学べ 学び　分かれば スッキリと 正しく分かり実践する 万物の文字 読み方 学べ 正しくわかり スッキリと 知恵で 行い得なさい  見る時 ハッキリ見なさい 聞く時 詳しく聞け 正しく 行なえるだろう 万物 見せても ちゃんと悟れないのだな 神も聖霊も その都度 ふさわしく啓示なさるが 正しく解けていない 万物の 啓示学べ 学び　分かれば スッキリと 正しく分かり実践する 万物の文字 読み方 学べ 正しくわかり スッキリと 知恵で 行い得なさい 万物の文字 読み方 学べ 正しくわかり スッキリと 知恵で 行い得なさい 知恵で 行い得なさい　知恵で 行い得なさい
速い人優先権,速い人 優先権 与えられる 成功率 高くなる 人生 どこに行っても 易しいこと あるか 速くやれば 易しい 遅くやれば 大変で　可能性が 希薄だ 精神一到しなさい 目も 心も 一心に 行えば 不可能なことも 自信持って行なう 成功した 勝利した 勝ったのだ  速い人 優先権 与えられる 成功率 高くなる 人生 どこに行っても 易しいこと あるか 速くやれば 易しい 遅くやれば 大変で　可能性が 希薄だ 精神一到しなさい 目も 心も 一心に 行えば 不可能なことも 自信持って行なう 成功した 勝利した 勝ったのだ 目も 心も 一心に 行えば 不可能なことも 自信持って行なう 成功した 勝利した 勝ったのだ 目も 心も 一心に 行えば 不可能なことも 自信持って行なう 成功した 勝利した 勝ったのだ 勝ったのだ　勝ったのだ
初めの愛を忘れたのですか,主への初めの愛を あなた忘れたか ときめいた熱い愛を 思い出　経緯 いきさつ も多い 希望の愛を 主の愛は　ますます熱いのに 考えを忘れたか　時流れ忘れたか 考えなくて忘れたのか 永遠な道　行きながら 振り向かないでください 黄金天国　行けば 永遠に離別も別れもない 愛が熱く燃える 神様　聖霊　御子の愛 溶鉱炉になって 熱く　熱く　熱く 永遠に　愛が燃える  考えを忘れたか　時流れ忘れたか 考えなくて忘れたのか 永遠な道　行きながら 振り向かないでください 黄金天国　行けば 永遠に離別も別れもない 愛が熱く燃える 神様　聖霊　御子の愛 溶鉱炉になって 熱く　熱く　熱く 永遠に　愛が燃える 溶鉱炉になって 熱く　熱く　熱く 永遠に　愛が燃える
速くしなさい,速くしなさい　速くしなさい 　 愛する 人たちよ 時 過ぎたら 万事が 終わってしまう あなた 速くしなさい 世の万事 時がある 過ぎれば できない 時 過ぎれば あなたのもの 過ぎてしまう  過ぎた日 すべてを 考えてみよ 速くして 得たのではないか あなたも 速くしてこそ　しるしが 起こる 　 理想世界 幸せな世界が　続く 来て去る 神様 やきもきし　気をもみ 　 　 怠けるな
春の日は過ぎていく,山には ツツジ さつき　野には 果物の花 きれいに咲いてる　香り 漂う 　 　 山鳥 野の鳥 出てきて 春を歌い 春の日 過ぎて行く  わが庭の 果物の花 きれいに咲いた 花 散っても 美しい実 育つ 喜び希望だ 松香る わが故郷 春の日 過ぎて行く 花 散っても 美しい実 育つ 喜び希望だ 松香る わが故郷 春の日 過ぎて行く
『人は確認し付き合ってみてはじめて分かる』,人間は外側を見たら、みんな同じだ。 分からない。付き合ってみてはじめて分かる。 いい人悪い人、外側を見たら同じだ。 誘惑者も惑わす者も、義人たちも、 見た目は同じだ。 誰が分かるか。 付き合ってみて確認すれば分かる。 人間はそれぞれどう作るかにかかっている。 月明洞を作って、美しく神秘的になった。 各自、自分を作りなさい。変化させなさい。 神様の愛の対象に、知恵も人格も作りなさい。 自分の体も心も考えも愛体になるように、 神秘的に作りなさい。 喜びと理想の世界だ。 黄金の天国、輝く引き上げの霊になるように 作りなさい。永遠な栄光の霊だ。 人間はそれぞれどう作るかにかかっている。 月明洞を作って、美しく神秘的になった。 各自、自分を作りなさい。変化させなさい。 神様の愛の対象に、知恵も人格も作りなさい。 自分の体も心も考えも愛体になるように、 神秘的に作りなさい。 喜びと理想の世界だ。 黄金の天国、輝く引き上げの霊になるように 作りなさい。永遠な栄光の霊だ。 永遠な栄光の霊だ。 永遠な栄光の霊だ。
人は確認し接してみてはじめて分かる,人は外側皆同じだ 分からない　接してこそ分かる 良い人悪い人外側同じだ 誘惑し惑わす人も　義人も見た目は同じ 見分けられるか　接して確認し分かる 人は　それぞれ　どう作るかだ 月明洞作って　神秘で美しくなった 各自自分を作れ　変化させよ 神の愛の対象に　知恵も人格も作れ 体も心も考えも　 愛になるように神秘に作りなさい 歓喜と理想の世界 黄金天国光る引き上げの霊に作れ 永遠な　栄光の霊だ  人は外側皆同じだ 分からない　接してこそ分かる 良い人悪い人外側同じだ 誘惑し惑わす人も　義人も見た目は同じ 見分けられるか　接して確認し分かる 人は　それぞれ　どう作るかだ 月明洞作って　神秘で美しくなった 各自自分を作れ　変化させよ 神の愛の対象に　知恵も人格も作れ 体も心も考えも　 愛になるように神秘に作りなさい 歓喜と理想の世界 黄金天国光る引き上げの霊に作れ 永遠な　栄光の霊だ 永遠な　栄光の霊だ 永遠な　栄光の霊だ
引き上げ最高の復活だ,引き上げ最高の復活だ 引き上げ最高の復活だ 御子の新婦に　　復活だ 御子の新婦に　　復活 引き上げ最後の復活だ 引き上げ最高の復活だ 愛の変化の復活だ 御子の新婦に変化した  何をしても　主と愛一体で どこに行っても　主の愛伝える 何をしても　主と心情一体で どこに行っても　誰と会っても 主に祈って 天の御旨を成す 主の御旨成そう 復活　　日々自分の変化 復活　　主の考え心で 引き上げ　　日々変化だ 引き上げ　　ただ主の愛で 引き上げ　　変化　　変化 引き上げ　　ただ主愛で 引き上げ最高の復活だ 引き上げ最高の復活だ 御子の新婦に復活だ 御子の新婦に 御子の新婦に　復活だ 御子の新婦に復活 引き上げ最高の復活だ 引き上げは永遠な復活だ 復活だ 復活だ
ふるさと,南の空 山 向こう 故郷 こきょう に春が来て 月明洞にサツキも 赤く咲いた 時に従う人々　押し寄せるが 　 待っているわが主は 来られない 摂理国　月明洞に　四季折々 雄大で 美しく 神秘的だ 時に従う人々 押し寄せて来る 自然聖殿に 聖三位も 来られたと言うことだ 時に従う人々 押し寄せて来る 自然聖殿に 聖三位も 来られたと言う ことだ
葬りなさい,古いもの 葬って 新しいもの 見つけなさい 古いもの 過ぎ去った 見よ 新しいものだ 探してた宝だ 古いもの 捨てた人 輝く世界に住む 神様 引き上げ成し 永遠な 愛の世界だ 永遠な 栄光の世界だ  古いもの 捨てた人 輝く世界に住む 聖霊が 喜ばれ 主と実践する 愛と引き上げの歴史だ  新しいもの 迎えた人 喜び 宴会する 引き上げ 愛の世界だ 輝く理想世界だ 平和と愛の世界だ 古いもの 捨てた人 主と同行する 引き上げ 成した人 一日が千年のようだ 喜びと愛の極だ 死人を未だに 葬らず生きる人 悲しく つらく生きる 引き上げの 黄金の時間 最後に 過ぎてゆく 最後に 過ぎてゆく 最後に 過ぎてゆく
法は神様でいらっしゃる,黄金天国に来て 永遠に愛し生きようと 『しなさい』『するな』 命の愛の法を下さった 法は神様だ　御言葉だ　 　 あなたを守り　保護する どこに行っても神 の 御言葉の人法と天法だ 御言葉の法で　自分もサタンも世も治めよ 喜びの生　希望の生　全能な三位体 　 同行する生活だ 栄えと祝福の法だ 完全な生の生活の法だ 命の法を破ったら 死亡の道　苦痛の道だ 　 行なえば愛を成し 引き上げ黄金天国 霊も肉も幸せだ
走ろう 走ろう 降りだす前に,聖霊 聖霊様 私に あのよう このよう 目配せしてくださったが 私 分かったのです 未練もなく走った 喜び 行なった 神様 見て 拍手もして 聖霊様は ついてきて さあ 走ろう 降りだす前にやるべきだ 瞬間の機会だといつもおっしゃった 感動をくれた 悟らせた 今日も終わってみたらそうだった これ以上 疑いも 確認も することない  神様 聖霊様 今はわれら行きます 嬉しく喜んで われらと行なわれる 聖霊様に仕えてゆきます アンニョン アンニョン
埠頭の孤独,時になり 渡り鳥のよう 押し寄せる あの人々　どこへ行き 呼ぶ人 今は 一人もいない 私の顔だけ　窓に映るのだなぁ 見知らぬ他国で 野原を 雨に濡れた列車が 走ってゆく 汽笛だけ 雨に濡れて 悲しく泣くのだなぁ  見知らぬ他国で 野原を 雨に濡れた列車が 走ってゆく 汽笛だけ 雨に濡れて 悲しく泣くのだなぁ 悲しく泣くのだなぁ
ただ神様,人間の力ではだめだ　神の力でだ 人間の力で生きられない 勝手に生きられない 神様遣わしたメシアと生きなさい 運命は予定ではない 行いと御旨によって変わる 運命は命と死亡の道があって 各自どちらへ行くかで左右されるのだ 行ないにより運命が変わる 運命が変わる
ただ神様 唯有 神,人間の力ではだめだ　神の力でだ 憑著人的力量 人的能力 無法做到 要憑著 神的力量 人間の力で生きられない 勝手に生きられない 人無法隨心所欲來使用 憑人的力量 無法生活 神様遣わしたメシアと生きなさい 人必須與神所差派的 救援者一起生活 運命は予定ではない 行いと御旨によって変わる 所謂命運 並非起初就預定 命運左右於自己的行為以及神的旨意 運命は命と死亡の道があって 所謂命運 路本身已定 有生命路 和死亡路 兩條路 各自どちらへ行くかで左右されるのだ 會按照自己如何去尋找 左右走上哪條道路 行ないにより運命が変わる 運命が変わる 自己如何去行動 會左右自己命運 會左右自己命運  人間の力ではだめだ　神の力でだ 憑著人的力量 人的能力 無法做到 要憑著 神的力量 人間の力で生きられない 勝手に生きられない 人無法隨心所欲來使用 憑人的力量 無法生活 神様遣わしたメシアと生きなさい 人必須與神所差派的 救援者一起生活 運命は予定ではない 行いと御旨によって変わる 所謂命運 並非起初就預定 命運左右於自己的行為以及神的旨意 運命は命と死亡の道があって 所謂命運 路本身已定 有生命路 和死亡路 兩條路 各自どちらへ行くかで左右されるのだ 會按照自己如何去尋找 左右走上哪條道路 行ないにより運命が変わる 運命が変わる 自己如何去行動 會左右自己命運 會左右自己命運  各自どちらへ行くかで左右されるのだ 會按照自己如何去尋找 左右走上哪條道路 行ないにより運命が変わる 自己如何去行動 會左右自己命運 運命が変わる 會左右自己命運
対話しなさい,神が助けた過ぎた日 忘れ 感謝も愛もできません 現在 いま が大事だ その時ごと 対話しなさい 現在 いま の為に助けた 現実で行えば 過ぎた日 咲いた　花が実を結ぶ 日ごと 私と対話だ 今は 新婦の愛の生だ  神が助けた過ぎた日 忘れ 感謝も愛もできません 現在 いま が大事だ その時ごと 対話しなさい 現在 いま の為に助けた 現実で行えば 過ぎた日 咲いた　花が実を結ぶ 日ごと 私と対話だ 今は 新婦の愛の生だ
騙されるな　外側を見るだけではわからない,良い人悪い人 外側 同じだ 確認して接し 初めてわかる わからずやられたら 胸を叩き 悔しい 神様 聖霊に尋ねたら 悟れるよう 霊感、感動くださる 様々 物質、異性 誘惑し だます 気づいて 背を向けよ 惑わす人の事 学んで 神になり 治めよ 神様 聖霊 主と共に いつも 行なえ 世が邪悪で 騙す者 幅をきかせてる 悪人も善人も 時になれば 神が 明るみに出す  良い人悪い人 外側 同じだ 確認して接し 初めてわかる わからずやられたら 胸を叩き 悔しい 神様 聖霊に尋ねたら 悟れるよう 霊感、感動くださる 様々 物質、異性 誘惑し だます 気づいて 背を向けよ 惑わす人の事 学んで 神になり 治めよ 神様 聖霊 主と共に いつも 行なえ 世が邪悪で 騙す者 幅をきかせてる 悪人も善人も 時になれば 神が 明るみに出す 神様 聖霊 主と共に いつも 行なえ 世が邪悪で 騙す者 幅をきかせてる 悪人も善人も 時になれば 神が 明るみに出す
立てられた愛の塔,主の光る 御言葉 光のよう 実践する人よ 千年間 婚宴 開く　 引き上げ成した 美しい新婦よ 主に命かけ 捧げた愛 未練なく生きて 主は 今 この時代 共に生きてる 新歴史の人よ 戻った兄弟よ 御言葉に 聖霊の御働きに 燃えてる人よ アーメンアーメン 変わらないと 手を取って決心したあなたよ 若者 黄金の胸に 愛の火をつけて 主は今 神の愛に酔っている 永遠な人よ 愛しいあなたよ 引き上げの御言葉 愛の歴史 聖霊燃える人よ 最後まで 摂理を行く 決断した 愛のあなたよ 主の火を噴く御言葉 叫び伝えて あなた 今どの位置で 生きてるのか 永遠な人よ 愛の新婦よ
立ち上がれ 光を放て,立ち上がれ 光 放て 光が近くに来た 今は走り走れ あなたへの神の目的がある 今はワシのように 天高く飛べ 聖霊の感動だ 　 主と共に ひとつになり 毎日 愛の翼広げ　次元を上げよ 　 あなたが　栄えるだろう どこに行っても 共にしてあげよう  聖霊だ 聞きなさい わたしと すべきことがある ひそかに これはやりなさい 探してた宝 用意しておいた 今はチーターのように 走り飛べ 聖霊の感動だ 聖霊と 知恵深く行え 大胆に話せ　分別し次元を上げよ 引き上げられた人　栄えるだろう どこに行っても 共にしてあげよう 立ち上がれ 光放て 光が近くに来た
滝の愛,一筋の滝のように 乱れもせず わが愛 天のため 流れ落ちた 滝のような わが愛は 変わらず 永遠だろう 神の創造目的 その愛 成し遂げて その形象 構想し 大傑作品 造られた 滝のような わが愛は 変わらず 永遠だろう  一筋の滝のように 乱れもせず わが愛 天のため 流れ落ちた 滝のような わが愛は 変わらず 永遠だろう 神の創造目的 その愛 成し遂げて その形象 構想し 大傑作品 造られた 滝のような わが愛は 変わらず 永遠だろう 滝のような わが愛は 変わらず 永遠だろう 変わらず 永遠だろう
誰が呼ぶのか,盗人のように来る主 夢ではない 誰が呼ぶのか この真夜中 主の声なのか 主の体 離れて 帰って来れないが 気をもんで 誰が呼び 愛の目を濡らすか あなたの元へ行く 呼んでみよ 誰が信じて行うのか 愛する者 実践する 愛する体着て 盗人のように来た わかるのか 主の姿を わが愛 呼んでみよ  愛する体着て 盗人のように来た わかるのか 主の姿を わが愛 呼んでみよ わが愛 呼んでみよ 愛の対話だ
チャッチャッ チャッチャックン ぺぺ ペペア,チャッチャッ チャッチャックン チャッチャッ チャッチャックン どこまでも われら チャッチャッ チャッチャックン チャッチャッ チャッチャッ ペアだ 神様 聖霊様 主の前で われら チャッチャッ チャッチャッ チャッチャックン ペアだ 離れたら 大変だ 別れたら 大変だ 大変だ 何にもならないのだ チャッチャッ チャッチャッチャッ チャッチャッチャッチャッ ペアなのだ 神様 聖霊 主は新郎で われら 新婦になって チャッチャッ チャッチャックン クン チャッチャッ クン チャッチャッ チャッチャッチャッ ペアだってば 一対のペアなのだ 愛は チャッ チャッ ペアだ チャッチャッチャッチャッ チャッチャッ 愛は チャッ チャッ ペアだ チャッチャッチャッチャッ チャッチャッ 愛は ペアなんだってば 今日も 神様とわれら チャックン ペアだ 日が昇り沈むまで ペアなのだ ペアなんだってば チャッチャッ チャッチャックン チャッチャッ チャッチャックン 主は頭になり われら 体になり 肢体になって 生きてゆく チャッチャッ チャッチャックン ペアだ 誰でも われらも 神様 愛の主体になり われら 対象になって 愛して 毎日 愛して 助けて 感謝し 生きてゆく運命 永遠な運命 チャッチャッ チャッチャックン ペアだ 愛は チャッ チャッ ペアだ チャッチャッチャッチャッ チャッチャッ 愛は チャッ チャッ ペアだ チャッチャッチャッチャッ チャッチャッ 愛は ペアなんだってば 今日も 神様とわれら チャックン ペアだ 日が昇り沈むまで ペアなのだ ペアなんだってば チャッチャッ チャッチャックン チャッチャッ チャッチャックン 春の日は 行く 愛の日は 今日も 行く 来て去る 来て去る チャッチャッチャッチャッ チャチャチャッ チャチャチャ チャッチャッチャッチャッ
誰が慰めるだろう,誰が私を呼ぶのか 四方を見ても　誰もいないのに 誰がわが心知って　慰めるだろうか 誰も知る人いないのに 誰が我が手首を　ぎゅっと握る 大きい手だけが見える 体も顔も見えないのに この大きい手　誰の手だろうか あなたを永遠に愛して慰める 心に聞こえてくる 全能でいらっしゃる神様だ 命救って　永遠に生かすと 苦痛が来るのだな 永遠に　あの黄金天国でも 地上でも　あなた　輝くだろう この身　天の体になり 神の手に握られ　生きてゆこう  あなたを永遠に愛して慰める 心に聞こえてくる 全能でいらっしゃる神様だ 命救って　永遠に生かすと 苦痛が来るのだな 永遠に　あの黄金天国でも 地上でも　あなた　輝くだろう この身　天の体になり 神の手に握られ　生きてゆこう この身　天の体になり 神の手に握られ　生きてゆこう
罪から自由を得させたのは,罪から自由にしたのは 悔い改め 願い求めだ 主の許しと愛だ 二度と 罪を 犯すな 主が自分の民を 罪から 救ってくださる 引き上げの新婦よ 清くしなさい 肉体も 魂体も 霊体も 瑕 きず なく 主の前に 来なさい 神霊なセノレ 歌って 聖三位に 栄光 帰しなさい 主と喜びの 愛だ 主が自分の民を 罪から 救ってくださる 引き上げの新婦よ 清くしなさい 肉体も 魂体も 霊体も 瑕 きず なく 主の前に 来なさい 神霊なセノレ 歌って 聖三位に 栄光 帰しなさい 主と喜びの 愛だ 愛だ　愛だ
天の心情,神様 創造目的 成すために 真理で 選ばれた人 探す主 その命に 向かう愛を 誰が知るだろう 悠久の歳月 神の愛 世の中に人々　多く多いが 聖三位 その心情 誰が知るか 愛と栄光 受くべき 創造主 しゅ 人間の堕落で 悲しみになったが 六千年の歴史で 愛成した 無限な愛を 捧げよう 地に向かう愛　海になった 聖三位 その心情 誰が知るか 神様 胸に秘めた思い 主の御言葉で 証するが イエスの時のよう みな　あざ笑う 暗闇の 墓で 満足するか 無知で無念な思い またするか 聖三位 その心情 誰が知るか  天 あめ が下　どんな怖いことも 神のさばきと 比べられず 信じて 急いで　従えば 聖霊の熱い 感動 感化 愛 主と黄金天国 行けるから それより大きな喜びあるか 六千年 創造目的 愛成した 聖三位 愛 歓喜 永遠だろう
天国実現,虚しいこの世で 主を知らなかったなら 今も世の中で 生きたでしょう 主 来た摂理史で 婚宴が始まった 地球村の人々 雲のよう押し寄せる 夢のような地上天国 今日はここで 主と私に この真理 なかったなら 今も世の中で 生きたでしょう 主 去った既成に 暗い夜 よ 深まる 主よ この手 心を 永遠につかんで 体も霊のように 喜び走る  主と私に この愛 なかったなら 虚しい愛で 生きたでしょう 新歴史 摂理で 主と御旨広げ ただ主だけ 見つめて 一片丹心 生きてゆく 体も霊のように 喜び走る ただ主だけ 見つめて 一片丹心 生きてゆく 体も霊のように 喜び走る
天上天下一の美の女性神 聖霊様,ある日 聖霊が 私に言った あなた この世 生きながら 美しい人を見たかと言うので 本当にたくさん見た と言ったら 聖霊 私を見るまで 美しい人を見たと言うな と言われたから 見せて 見せて 見せてください と言ったら 本当に 見せてくださったが びっくりして 心臓麻痺で死ぬかと思った びっくり仰天した 本当に 美しく 神秘的 全能者 それこそ 一言で言えば 全知全能で 美しくも美しく この世では表現しきれない 美しさ 一万言 いちまんこと 言っても 足りないばかりだった 聖霊様はおっしゃった この世で 美しいもの 見たら 私を象徴で見た と言いなさい 肝に銘じ わが言葉 深く深く刻んで 忘れるな 忘れるなとおっしゃった 驚き びっくり仰天 びっくり びっくり 全知全能 美しく 神秘的 この世で これ以上 表現できない びっくりして心臓麻痺 死ぬかと思った びっくり仰天 びっくり仰天 気絶 この世で 美しいもの 見たら 私を象徴で見た と言いなさい 肝に銘じ 忘れるな わが言葉 深く刻め 聖霊様 天上天下で 本当に美しくきれいで 言い表せないその姿 比喩で言うなら 太陽のようで 　 美しい キラキラ光る宝石のようだ あなたも 天母聖霊様を 見られないが 皆 みな 信じ 皆 みな 愛して 主のように 行なうなら 霊肉 美しさを われらも 持って行くことができる だから 化粧ばかりせず 装いばかりせず 聖霊様に 話して 美しさを証し 分かって 信じてあげ 愛していくなら あなたも 聖霊様のよう 美しさが だんだんと 成されてゆく 行なえ 忘れず 行なえ  天上天下一聖霊様 多くの神 肉体の中で 最高に 最先端に 美しい 全能者 女性神だ 天母聖霊様は 愛のかたまり 地球のかたまり 太陽のかたまり 宇宙全体のよう 愛のかたまりなのだ
天国はあなたの心に,天国が心にある　 心満足ないと　一万の満足ない 考え嬉しくないと　 美しい美も　喜びがない 心考え天国になれば　全て天国だ 心清くしなさい　考え清くしなさい 心に主と聖霊迎え 神様熱く愛し生きてゆこう 世の天国　愛の黄金天国だ
天母,うっとりと輝かしい あの夕焼け 眺めよ 不思議で神秘な美で 輝き 美しい  この世 霊の世界 あのように美しい美の女性 いるだろうか 天と地 愛する聖霊天母の姿だ 目では見ること難しいから 天地万物で映し見せる 会いたい時 毎日見よ 聖霊と話しなさい 呼んでみなさい 心で答えるだろう 話そう 対話しよう  うっとりと輝かしい あの夕焼け 眺めよ 不思議で神秘な美で 輝き 美しい
天地創造,第一　第一　第一の日 神は はじめに天と地　創造された 光あれ と言われ　光あり 神はその光見て　良しとされた 夕となり朝となった　第一の日だ 第二　第二　第二の日 神は 大空なる天を　創造された 水あれ と言われ　水があり 神は天と水見て　良しとされた 夕となり朝となった　第二の日だ 第三　第三　第三の日 神は陸と水を　分けられた 植物あれ と言われ　その通りに 草と実を結ぶ木見て　良しとされた 夕となり朝となった　第三の日だ 第四　第四　第四の日 神は日と月と星　創造された 夜と昼と季節　日をさだめ 神は日と月星見て　良しとされた 夕となり朝となった　第四の日だ 第五　第五　第五の日 神は生きものたちを　創造された 生きものあれ と言われ　その通りに 神は生きもの見て　良しとされた 夕となり朝となった　第五の日だ 第六　第六　第六の日 神は全ての動物　創造された 男と女神に似せて創り 人は万物治めよ と言われた 創造した全て見て　喜ばれた 第七　第七　第七の日 神は天地創造　終えられた 聖なるものとし祝し　休まれた 創造した天地見て　良しとされた 夕となり朝となった　第七の日だ
どの時代誰でも,どの時代 誰でも 決断の時ある 真 しん と偽 ぎ の戦い どちらに立つか 主がくれた真理で われらは決めた 光か暗闇 選んで生きよう 真理に住む人 強くて永遠だ 非真理で辛く ただ虚しくて 落胆し戻った 強者 つわもの 多い 主 迎えてくださる 喜び生きよう 中心者の精神 御旨に従い 責任果たして 前へと進もう 新時代に 新しい御言葉 くださる 真理で生きれば 失敗しない 無知に住む人 真理に逆らう 愛で覆って 主のように生きよう われらの歴史に 悪評 多いが 神様 共にし われら勝利した 神様 共にし われら勝利した 神様 共にし われら勝利した
時と共に,人々 時を待っても 時は待たずに去って行く 時は機会だ 時が来たら 時と共に 稲妻のよう行なえ 長い歳月 あれほど時を 待っていて 時が来たが 時を知らず　ただ寝てばかりいる 時は 地球が回り 来て去る どんな人も 止めることができず 行ってしまう 一度過ぎた時は 戻って来ないから 待ってた時 来たら　時と共に 行なえ 時になってこそ 寒く暑い 時になり 全て成されゆくから 天も地も 時を待つ わかって行なえば 肉も霊も 成し遂げ享受する 時を迎えた人 主と共に 愛して 理想世界 愛 引き上げ 天と地 黄金天国 永遠な世界だ 愛して 理想世界 愛引き上げ 天と地 黄金天国 永遠な世界だ
どうして今来たか,なぜ 今来たか 早く来ないで 神様 どんなに 待っていたか 人生の道 遠く 遠くて 急ぎ 行かねばならない これから われらは 行かねば 走り行かねば 主に従い 最後まで 終わりまで 行かねば 地上世界を経て 永遠な あの黄金天国 向かい 行かねばならない これから われらは 行かねば 走り行かねば 主に従い 最後まで 終わりまで 行かねば 地上世界を経て 永遠な あの黄金天国 向かい 行かねばならない
ただ一片丹心,私行けば ついて来る 落胆もせず　心配もせず 　 振り向きもせず 神様聖霊が行く道に向かい 行かねば 私が行かねば 遠くからもついて来て 近くからもついて来る 神様聖霊が導かれる 御言葉もくださり 感動を与えてくださる だから心配せず行かねば 心も尽くし　命も尽くし 　 御心束ねて　未練もなく ただ一片丹心 　 愛の道なのだ  私もあなたも愛なのだ そうしてのみ目的を成す 御旨成す 経緯を成し遂げる 永遠だ 変わりもなく 中断もなく われら 御心 向かい 一片丹心　永遠な愛なのだ 　 愛が永遠 永遠なのだ あなた 愛しきり 私も愛しきった そうだから愛の御旨成し 歴史を成したのだ 山も越え 野も越え 多くの波をかきわけて 来てまた来て また来た 経緯が忘れないように あなたと私 呼びまた呼ぶようにした 初めも愛 終わりも愛 愛で永遠に行かねば 永遠に行かねばならない
力で存在する,ヒム ヒム ヒム ヒム ヒム ヒム ヒム ヒム 　 存在の世界は力だと 神様 私におっしゃったとおり 力だ 力が宝だ ヒム ヒム ヒム ヒム 存在の世界　地球世界も　月の世界も 力 力で存在する 　 　 われらも力だ ヒム ヒム ヒム ヒム 神様 聖霊様 われらと共にし じだ い の ひとび 時代の人々 栄光 栄光を帰して じだ い の ひとび 永遠に 永遠に栄光を帰そう 力湧く 喜び 満ちあふれる 今日も未練もない われら 顔を見合わせ笑い ひそひそと話し 応援も喉が裂けるほど叫んだ  神様 聖霊様 われらと共にし じだ い の ひとび 時代の人々 栄光 栄光を帰して じだ い の ひとび 永遠に 永遠に栄光を帰そう 力湧く 喜び 満ちあふれる 今日も未練もない われら 顔を見合わせ笑い ひそひそと話し 応援も喉が裂けるほど叫んだ
天国の生,神様 創造した天地万物 天国　地球世界 　 主に仕え共に生きるなら そこがまさに天国の生 主 共に 神様 聖霊様 仕えて 地上で引き上げ成す　黄金天国の生 神様 創造した天地万物 地球世界の天国なのだ 主を迎え 主と共に生きていくなら そこが天国なのだ 　 神様 創造した天地万物 地球世界の天国なのだ 主を迎え 主と共に生きていくなら そこが天国なのだ 　 神様 聖霊様 御子が住まう あの天の あの天の国 そこは霊たち住む天国なのだ 今日も主と共に 神様仕え 聖霊様仕えて 地上で引き上げられ 天国の生なのだ 黄金天国の生なのだ  主を迎え 主と共に生きていくなら そこが天国なのだ 　 今日も主と共に 神様仕え 聖霊様仕えて 地上で引き上げられ 天国の生なのだ 黄金天国の生なのだ
誰のために来たのか,私が世に来たのは 誰のため来たか 誰のために鐘を 鳴らすのか 私を 信じ愛し 生きる人達だ 私が世に来たのは 誰のため来たか 誰のために鐘を 鳴らすのか 私を 信じ愛し 生きる人達だ 未練もなく またやろうと 考えもせずに 一度で 一気に 一遍に 未練もなく 振るったから 東から西　南から北 稲妻のよう 　 長い 天の剣 御言葉を 一気に 振るったのだ  知って　悟りなさい 信じて ついて来い 間違いない歴史だ 私だ 信じ 勤しみ ついて来い 時間は行く 一度過ぎた時間 掴めない 二度と過ぎた時間は 死んだ 死んだ 時間だ 永遠な歴史を 作りなさい 創造しなさい 主神様 脇目も振らず 炎のような目で　われらを眺める 　 愛している あなたがやらねば
わが故郷のコノハズクが,故郷のコノハズク ソッチョク ソッチョク　夜 よ 通し 悲しくも鳴く カッコウも カッコウ カッコウ どんな経緯 いきさつ 詠じるか 吹雪 雨風 吹き荒れ 苦痛 長い歳月だ 神の一輪の歴史の花 咲かせるため コノハズクもカッコウも 鳴いたのだな  人の雲が 四季折々押し寄せて 故郷の山奥に満ちる 歴史の花 咲かせ その実 美しい 天には栄光 地には平和 愛と引き上げの理想世界だ  歴史の花 咲かせ その実 美しい 天には栄光 地には平和 愛と引き上げの理想世界だ 天には栄光 地には平和 愛と引き上げの理想世界だ
私がするなら,できない時には 見上げていた 自分なりに 歌ってもみた 今は 私 できるから 羨むことない 私に 誰がかなうだろう できなかった時は やきもきなさった 今は 私 できるから 千年 新しい歌 流れ 皆 みな 感激し 涙流す  できない時には 見上げていた 自分なりに 歌ってもみた 今は 私 できるから 羨むことない 私に 誰がかなうだろう できなかった時は やきもきなさった 今は 私 できるから 千年 新しい歌 流れ 皆 みな 感激し 涙流す 千年 新しい歌 流れ 皆 みな 感激し 涙流す
和睦 年修練会の和同曲 明け方　神様・聖霊様,よくても悪くても　われらひとつだ 過ぎた日　経緯　忘れるな 神の御旨あり　聖霊で生まれた 引き上げ成したから　目的果たした 遠くても近くても　考えひとつだ それぞれ考えるが　御旨ひとつだ 心にあること　対話で解いて 和睦し生きよう　我ら新婦だ 御言葉行えば　夢でない現実だ 隠された宝を　見つけるのは誰か この時代の秘密　我が遣わした人だ この時代の秘密　我が遣わした人だ 月明洞の御座は　神秘雄大美しい 千年間永遠だ　我らの誇り 天からの声　全世界広まる 汗で濡れた　あなたの顔撫でると 浮かぶ　あなたの労苦が輝く 永遠に輝く
私は行く,私は行く　私は行く 今日も 地の 神の宮 探し 　 海越え 大地 横切り 山越えて 行くのだ 想いは今日も変わりません 千年間 永遠だ 地上天国 千年間 成すと言うが 夢ではない現実だ  私は行く　私は行く 今日も 地の 神の宮 探し 　 海越え 大地 横切り 山越えて 行くのだ 想いは今日も変わりません 千年間 永遠だ 地上天国 千年間 成すと言うが 夢ではない現実だ 夢ではない現実だ
私のカナン,乳蜜流れる　新歴史主の胸で 美しい青い牧場で 愛する主よ　愛しい主よ 待ってた私の主 燃える太陽のよう　火を噴く火山のよう 止められず愛した 主を忘れられず　押し寄せる波のよう 愛する主のそばに 希望で今日も集まった　和睦の摂理 愛も多い　幸せな主の世界  乳蜜流れる　新歴史主の胸で 美しい青い牧場で 愛する主よ　愛しい主よ 待ってた私の主 燃える太陽のよう　火を噴く火山のよう 止められず愛した 主を忘れられず　押し寄せる波のよう 愛する主のそばに 希望で今日も集まった　和睦の摂理 愛も多い　幸せな主の世界  燃える太陽のよう　火を噴く火山のよう 止められず愛した 主を忘れられず　押し寄せる波のよう 愛する主のそばに 希望で今日も集まった　和睦の摂理 愛も多い　幸せな主の世界 希望で今日も集まった　和睦の摂理 愛も多い　幸せな主の世界
私のカナン 我的迦南,乳蜜流れる　新歴史主の胸で 奶與蜜潺潺流淌 新歷史 主的懷中 美しい青い牧場で 美麗無比 青青草原之上 愛する主よ　愛しい主よ 多麼深愛的你 所思念的你 待ってた私の主 殷殷等待 我的良人唷 燃える太陽のよう　火を噴く火山のよう 如同太陽 熊熊燃燒 如同火山 炙熱爆發 止められず愛した 無法再按捺 我對你的愛 主を忘れられず　押し寄せる波のよう 無法忘懷你的愛 人們今天 也如潮水 愛する主のそばに 滿懷希望 蜂擁過來 希望で今日も集まった　和睦の摂理 聚集到 親愛良人身邊 和睦的攝理 愛も多い　幸せな主の世界 我主的世界 充滿愛 幸福也洋溢  乳蜜流れる　新歴史主の胸で 奶與蜜潺潺流淌 新歷史 主的懷中 美しい青い牧場で 美麗無比 青青草原之上 愛する主よ　愛しい主よ 多麼深愛的你 所思念的你 待ってた私の主 殷殷等待 我的良人唷 燃える太陽のよう　火を噴く火山のよう 如同太陽 熊熊燃燒 如同火山 炙熱爆發 止められず愛した 無法再按捺 我對你的愛 主を忘れられず　押し寄せる波のよう 無法忘懷你的愛 人們今天 也如潮水 愛する主のそばに 滿懷希望 蜂擁過來 希望で今日も集まった　和睦の摂理 聚集到 親愛良人身邊 和睦的攝理 愛も多い　幸せな主の世界 我主的世界 充滿愛 幸福也洋溢  燃える太陽のよう　火を噴く火山のよう 如同太陽 熊熊燃燒 如同火山 炙熱爆發 止められず愛した 無法再按捺 我對你的愛 主を忘れられず　押し寄せる波のよう 無法忘懷你的愛 人們今天 也如潮水 愛する主のそばに 滿懷希望 蜂擁過來 希望で今日も集まった　和睦の摂理 聚集到 親愛良人身邊 和睦的攝理 愛も多い　幸せな主の世界 我主的世界 充滿愛 幸福也洋溢 希望で今日も集まった　和睦の摂理 聚集到 親愛良人身邊 和睦的攝理 愛も多い　幸せな主の世界 我主的世界 充滿愛 幸福也洋溢
私は幸せだ,人々 私を 幸せだと言う そうだ　私幸せな人だ 幸せは永遠に　幸せでこそ幸せと言う 御子　聖霊様　私幸せでしょう あなた幸せな人だ 人々 私を あれこれ言うけれど いいや　それは本当に違う 栄光の道は　苦労しても　命の道だ 御子　聖霊様　私幸せでしょう あなた幸せな人だ
私は幸せだ　 　 訳,人々は、私を見て不幸だと言うけれど いいや、私は幸せな人だ。 幸せというのは、永遠な幸せであってこそ 幸せなことだ。 御子、聖霊様、私　幸せでしょう。 あなたは、幸せな人だ。 人々は私を見てあれこれ たくさん言うけれど いいや、それは本当に違う。 栄光の道は苦労しても命の道だ。 御子、聖霊様、私幸せでしょう。 あなたは、幸せな人だ。 幸せというのは、永遠な幸せであってこそ 幸せなことだ。 幸せというのは、永遠な幸せであってこそ 幸せなことだ。 御子、聖霊様、私　幸せでしょう。 あなたは、幸せな人だ。 あなたは、幸せな人だ。
私は帰ってきた 私は走った,必ず帰ってくる わが故郷 天の聖殿に 帰ってくる 話された 神様 聖霊 おっしゃったとおり 帰って来た 天の その御旨 今日も 走り 生きた 神様 聖霊 今日も私見て 喜び 摂理史 ご覧になり 満足なさった 満足なさった  今日も 私は 走った　駆けた 　 神の体になり 聖霊の感動で飛びながら 果てなく 走った　摂理人生を 　 御旨のため 生きた 天の神様 見られ　聖霊様 見られ 　 共に 走った 私について走り　喜び生きた 日が沈むまで 月が昇り 星が照らすまで  天の神様 見られ　聖霊様 見られ 　 共に 走った 私について走り　喜び生きた 日が沈むまで 月が昇り 星が照らすまで
私を受け入れてください,明洞 ミョンドン の町の人々のよう 探していた 世の中の好きなもの　私も探した 今は悟った　私の好きなもの 今は悟った 主よ　受け入れてください 主だけのため生きる 主だけのため生きる ドキドキして求めます 御言葉行ない　愛で引き上げられ 黄金天国で　主と共に永遠に生きたい 受け入れてください 主よ　永遠に愛します  今は悟った　私の好きなもの 今は悟った 主よ　受け入れてください 主だけのため生きる 主だけのため生きる ドキドキして求めます 御言葉行ない　愛で引き上げられ 黄金天国で　主と共に永遠に生きたい 受け入れてください 主よ　永遠に愛します 受け入れてください 主よ　永遠に愛します
私の心は変わりありません,主を呼びながら見ながら 私 行きます 時には野原を 砂漠を通り 川も渡って山も登って越えて 希望満ち 私 揺れることなく行く  わが心 季節過ぎても 変わらない 神様 聖霊様 私を見られるのに わが心 どこに行く  今日もわが心 川のように とまらず吹いてゆく あの風のように 飛んでゆく　走ってゆく 　 愛は変わらないのだ 永遠なものなのです
私が道だ 命だ,私が道だ 命だ 真理だ 私について来い この世に 他の道もない ただ神が遣わした 歴史の 命の主が道だ 私について来い 私について来い 私があなたを救ってあげよう 神の御前に導いてあげよう 主神様 聖霊様は あなたを導かれる 世の命の道に 愛の道に 平和の道に 和睦の道 希望の道に 死を免れた命の道なのだ  暗い世界 死亡の世界は 遠く遠く 無知の世界だ 死亡の世界なのだ 主神様 今日も 霊魂まで 肉もすべて 命の道 永遠な道に導き 永遠に永遠に 黄金天国に導き 愛で永遠に永遠に 生きるようになさるのだ 信じて来い ついて来い ついて来い 今日も明日も 他の道 ない 命の道だ 永遠な愛の道だ 日が昇り沈むまで 月が昇り沈むまで 星出て沈み 消える時まで いつも 主神様 主と共に 聖霊様と共に あなたを導き 永遠な命の歴史の道に行かれる 今日も われら 神様 一つになり 離れもせず 別れもせず 行くのだ  愛と歓喜の世界だ 希望の歴史なのだ 変わらない永遠な道なのだ 知らない人々は 行なえないのだ むしろ 反対 反対 無視 無視 知らぬことほど 世に 悔しいことはないものだ 神様 おっしゃった 知って生きる人 神なのだ 永遠な愛で あなたを 神様 聖霊様 歌って呼ばれる 幸せな永遠な愛の人々よ 幸せな永遠な愛の人々よ
私たちの愛は永遠な愛,愛している あなたたちを愛してる わが愛は永遠な愛だ 愛している あなたたちを愛してる わが愛は永遠な愛だ 永遠な愛だ あなたも私を愛しなさい 変わらない愛だから あなたも私を好きになれ 私もあなたが好きだから われらの愛は永遠 永遠な愛だ  変わらない愛だから あなたも私を好きになれ 私もあなたが好きだから われらの愛は永遠 永遠な愛だ 天地万物すべて私のものだ あなたのものだ 永遠な愛なのだ
わが主が最高,わが主が最高だ  歌も上手　踊りも上手で 他の人は見るものない 　 見るまでもなく そうだってば わが愛は よく従い よくついて来るんだってば こんなによくできる わが主のような人が 地球村 どこにいるか 本当に上手 本当に上手 夜更けまで　眠らずに 　 ふりふり踊って　歌も歌い 本当に上手だ 　 神様 聖霊様 主が見られて 喜び 歌を歌ってくれる  このようによくやって 肉も霊も 永遠に 永遠に あの黄金天国 行く時まで 本当に 本当に 変わりもせず よくできる チャン チャン チャン チャン チャン チャン チャン チャチャチャチャン チャン チャン チャン 皆 拍手もして　肩も動かし 歌を歌うのだ 　 一緒に踊り 神様 聖霊様 主が見て われら共に 心も喜ぶように われら やらねばならない もう他の道はない 神様 仕え　聖霊様に仕え 主と共に　この世が終わるまで 　 　 変わらず 他の道に行くこともないのだ 今は この世の 誰も 誰も うらやましくない うらやましくないのだ うらやましくないのだ
私が幼い時に通っていた道は,私が 幼い時 通った道 経緯も 多かった 神様を 呼んで テドゥン山 奇岩絶壁 登り また登って わが青春 注いだ 長い歴史 過ぎるまで 天の深い秘密 悟り 悟って 分かった 全世界 深い秘密を 聖霊が 話された 今は 行かなければ 暗いあの世に 向かい 行って 教えなさい 叫び 伝えよ 話された
私はあなたを信じ あなたは私を信じよう,私 あなた 信じ あなた 私 信じよう 過去を問わないで 経緯は話そう 夜が明けるまで あの月が 西の山 うろつくまで 夜明け 来るまで 互いの経緯を 話もしながら 聞いてみよう ついて来い ついて来たら　あなた分かり 　 私も分かるようになるだろう 神様 どれだけ長い歴史 待っていたか  今は二心 ふたごころ 抱かず 私と心一つで 行かねば 走らねば 勤しみ 日が昇り沈み 夜 来ても 行くべき道だ 行かねば 走らねば 勤しみ 日が昇り沈み 夜 来ても 行くべき道だ
私のそばにいらっしゃるから,聖霊様 どこですか 会いたくて呼びます 聖霊よ 返事はないけど そばにいるから 心に響く 今日も忘れず 愛して生きてゆく 主よ どこにいますか 愛しく会いたくて 呼びます 主よ 返事 ないけど そばにいるから話します どこに行っても共になさる主 永遠に愛してる  神様 どこにいますか 私のそばにおられ 炎のような目で ご覧になるから 愛して感謝し賛美します 今日も新婦の生を 永遠に愛します 今日も新婦の生を 永遠に愛します
私は主だけを思います,今日も 生きてゆくなら 私 主だけ 思います 主に会えても 会えなくても 私 どこでも 主だけ 思って 生きてゆきます おぉ 主よ 私と 今日も 共にさえするなら 私 満足です　感謝します 　 喜び 愛を 燃やして行きます 愛は 理論ではなく　実際なのだと 主はいつも おっしゃいましたね 愛する主よ　いつ会えるか 未練は 断ち切れません 過ぎた日 行き来し　会える道が あるなら 立ち止まってください  今日も 生きてゆくなら 私 主だけ 思います
私を呼んでください,月明洞に 主が来られたら 呼んでください 摂理史に 主が来られたら 私を 呼んでください 待ちに待っていた 主が来たから 呼んでくださった 主神様 待っていた主も来て 御言葉も来た 月 昇り 星 昇るまで 過ぎた日 会えなかった時の 長い経緯 その話を 聞きたいです 言わないけれども その経緯には あまりにも深い経緯が あるでしょう 私たちもそうです  過ぎた日 患難 迫害 困難 厳しい雨風 吹雪に 再び われらが 主に 会えるのか 理想世界 広げられるか 考え込んでた時が 浮かびます 思い出します このよう 歴史が 覆っていくとは 本当に 知らなかった 神様は やはり 全治全能 偏在なさる 主も やはり その御力と 根気強く 最後までなさる その姿 私たちは一言 素敵だ 主は格好いい 本当に 信じて従ってよかった 今日は悟りました
私と共に同行なさいます,聖霊様 私と同行なさいます 昨日も今日も私と同行なさいます どこに行っても何をしても 私と同行なさいます どこに行っても私と同行なさいます 何をすべきか 聖霊様 われらに知恵で判断させてくれます 万物見せて判断をうまくさせてくれます  いつも自分の考えではなく 聖霊の中で悟らせるまま 行なうべきです 正しく分別して やってこそ 喜び希望もなされます 今日も聖霊様 万事すべてを 御旨どおり 分別するよう われらに熱く働きかけてください わが思い尽くし 愛の心で今日も生きてゆきます 生きてゆきます
神様がくださったすべてのもの,神様が 用意して くださった すべて 聖霊様のよう 美しく きれいだ 貴く貴い宝です 聖三位に 感謝と栄光 帰そう その形 形象が 不思議だ 神様 聖霊様 御子 行なわれた 経緯 真 しん に 深く 感激だ その経緯のよう 喜び　愛しなさい  神様が 用意して くださった すべて 聖霊様のよう 美しく きれいだ 貴く貴い宝です 聖三位に 感謝と栄光 帰そう その形 形象が 不思議だ 神様 聖霊様 御子 行なわれた 経緯 真 しん に 深く 感激だ その経緯のよう 喜び　愛しなさい 聖三位に 感謝と栄光 帰そう その形 形象が 不思議だ 神様 聖霊様 御子 行なわれた 経緯 真 しん に 深く 感激だ その経緯のよう 喜び　愛しなさい その経緯のよう 喜び　愛しなさい その経緯のよう 喜び　愛しなさい
感謝と恵みの生,神様 聖霊 御子 われらを愛して 今まで全てを惜しまずくださった 主とその恵みに 感謝し日々 忘れず 喜び 生きてゆこう  不可能を為 な してくださった 今まで全て得たものが 証する 見せる 恵みに感謝 感激し 変わらず 愛して 生きてゆこう  神様 聖霊 御子 われらを愛して 今まで全てを惜しまずくださった 主とその恵みに 感謝し日々 忘れず 喜び 生きてゆこう  不可能を為 な してくださった 今まで全て得たものが 証する 見せる 恵みに感謝 感激し 変わらず 愛して 生きてゆこう  主とその恵みに 感謝し日々 忘れず 喜び 生きてゆこう
神様聖霊様喜ばせよう,神様 聖霊 御子 愛するから力湧く 嬉しい 愛が満ち溢れる 感動の歴史だ チャン チャンチャンチャン チャンチャンチャンチャチャチャチャン チャンチャンチャン  神様 聖霊 御子 愛するから力湧く 嬉しい 愛が満ち溢れる 感動の歴史だ チャン チャンチャンチャン チャンチャンチャンチャチャチャチャン チャンチャンチャン われら皆 手を叩き 歌おう 立ち上がり踊って 神様 聖霊様 喜ばせよう チャン チャン チャンチャンチャンチャンチャン チャチャチャ チャンチャンチャンチャン チャーン チャーン チャチャン チャン チャンチャンチャン われら皆 手を叩き 歌おう 立ち上がり踊って 神様 聖霊様 喜ばせよう  チャン チャン チャンチャンチャンチャンチャン チャチャチャ チャンチャンチャンチャン チャーン チャーン チャチャン チャン チャンチャンチャン チャン チャン
考えで生きる,考え次第で 運命が変わる 決心次第で 人生が決まる 　 　 人は それぞれ 考えで生きる 全能なる神を いつも考えよ 　 　 実践が大事だ 願ったものを得る 聖霊その都度 感動で話される 　 　 考え次第で 天国か地獄だ 御言葉により 歴史 分かれる 　 　 引き上げ 黄金天国 新時代 主の歴史 人は気分で 考えが変わる 　 　 考えを深く 確認し実践せよ 主は話され 聖霊 感動くださる 　 　 いつも神様は 考え見られる
環境 状況 立場 雰囲気に溺れるな,環境 状況 立場 雰囲気に溺れるな 人々 誘惑する 興奮剤だ 治めなさい 三位の御心 御言葉通り 主管しなさい しなければ 後悔する 聖霊 話された 三位の状況 雰囲気 立場 環境だ 御言葉の内容 環境 雰囲気だ 永遠な愛と 幸せな 黄金天国の生だ  治めなさい 三位の御心 御言葉通り 主管しなさい しなければ 後悔する 聖霊 話された 三位の状況 雰囲気 立場 環境だ 御言葉の内容 環境 雰囲気だ 永遠な愛と 幸せな 黄金天国の生だ 永遠な愛と 幸せな 黄金天国の生だ
隠されていたもの 明かす,神の時に隠されてたもの あらわになる 聖三位 主と行う 皆 みな 見て悟りなさい 聖霊 感動くださり証なさる 愛と引き上げ 聖三位と主が行なった 創造の目的 成した 待っていた 千年の婚宴 黄金天国 見るほど美しい 主の愛は 美しく永遠だ 三位の愛は 美しく永遠だ
神様が構想した 年の宮,ペクトゥ山 クムガン山脈 テベク山に延びて その山脈が チャリョン山脈 ノリョン山脈に 力強く延びて テドゥン山 奇岩絶壁 名山を成した 美しく神秘的だ 雄大な名山 テドゥン山脈 くねくねと 力強く延びて 月明洞 来て 雄大に　各自の形象に なった 神様 自然聖殿 聖なる山を成した  その形 形象が 神様の御座のようだ 鷲と龍の形のようだ 愛の神秘で美しい実のようだ 半月 はんげつ 金鶏抱卵 きんけいほうらん の 形象の形だ 月明洞 左右 六山脈 囲み 世界の伝説 紫微垣 しびえん を成した その形 美しく 神秘的で 雄大だ テドゥン山 インデ山 伸びて固まり 形象を成した 伝説を成し遂げた 神が遣わした人　ここで生まれ 世界の人間雲　集まる 三位の 年 長い歴史 千年間の婚宴 ここで 愛 引き上げ 成して 生きる 見るほど 美しく 神秘的だ 神が構想した 千年の宮は 聖なる地 愛と引き上げだ 愛の黄金天国 永遠だ 愛の黄金天国 永遠だ
考えが違うとき,考えが違うとき　互いが心をわからないが 知らなくても　互いが愛を熱くするから 全て解かれる 知らないと誤解だ　知ると理解だ あなたと私　互いが愛し合ったら すべて消えてしまう  今日もわが愛　明日もわが愛 広い世界どこにいても 主の愛見てこそ 永遠に変わらないわが愛だ 広い天　主だけを愛する 今日もわが愛　明日もわが愛 広い世界どこにいても 主の愛見てこそ 永遠に変わらないわが愛だ 広い天　主だけを愛する
考えるな,神の御言葉以外 考えるな 傷ついたこと 考えたら 心 苦しいだけだ 考えたら 苦しいだけだ 考えるな 考えるな あなたの道 希望に満ち 行きなさい 今日も 聖三位だけ愛して 聖霊の 感動感化　主だけ 考えよ 　 御言葉だけ 考え行え ただ神様 聖霊だけ 考えよ 振り向かず 行きなさい 聖三位の愛を 考えよ 愛の天国 忘れるな  考えるな 考えるな 心配 憂い 苦しいこと　考えるな　 考えたら 苦しいだけだ 考えるな 考えるな あなたの心 苦しめること 考えるな 考えるな 主だけ考えよ 主だけ考えよ 御言葉だけ 考え行え ただ神様 聖霊だけ 考えよ 御言葉だけ 考え行え いつも愛だけを 考えよ 良いことだけ 考えよ 良いことだけ 考えよ
希望 喜び 永遠だ,成長し 考える 次元通り 希望し挑戦して生きてゆく 過去に経験したことも 未来は華やかで　希望に満ちる 　 世の肉のものは 満足でも 消耗品の生 神様 聖霊様 御子がくださったのは 肉も霊も満足し　愛と喜び 希望だ 肉のものも 一生満足する 霊のものも 永遠な愛 喜び 黄金天国だ  成長し 考える 次元通り 希望し挑戦して生きてゆく 過去に経験したことも 未来は華やかで　希望に満ちる 　 世の肉のものは 満足でも 消耗品の生 神様 聖霊様 御子がくださったのは 肉も霊も満足し　愛と喜び 希望だ 肉のものも 一生満足する 霊のものも 永遠な愛 喜び 黄金天国だ 霊のものも 永遠な愛 喜び 黄金天国だ
考えが命だ,考えが命の根源だ 考えを学べ 考えるほどにもっと良くなる 考えが宝だ 命だ 考えを集中し 深くもっと高くしなさい 肉も霊も 運命 左右する 人間は 考えで生きるよう 神様 創造なさった 神様 聖霊 御子の考え 持ちなさい その考え 行えば 不可能が無い しるしの歴史だ  希望が実体を成す 喜びと幸せの生だ あなたの考えなら闇だ 死の世界だ 主の考えは 輝く明けの星だ 喜び 愛の引き上げの幸せな生だ あなたの考えなら闇だ 死の世界だ 主の考えは 輝く明けの星だ 喜び 愛の引き上げの幸せな生だ
健康管理、幸せ,動きなさい 歩きなさい ときに 走りなさい 運動芸術 自然健康 最先端の秘法 健康 失えば すべてを失う 今日も 肝に銘じ 実践しなさい どこに行っても 体 考え 運動だ 健康でこそ 祝福 享受する 人生を愛して 幸せに 生きてく 健康な体 美しく 輝き 黄金宝 各自の財産だ 親がくれ 神様 聖霊 くださった 祝福 財産だ 天下 与えても 換えられない 貴重な命だ 体も 考えも パーセント 肉と霊魂 管理だ 肉の一生 黄金天国 永遠な愛を 享受する 天下 与えても 換えられない 貴重な命だ 体も 考えも パーセント 肉と霊魂 管理だ 肉の一生 黄金天国 永遠な愛を 享受する 永遠な愛を 享受する 永遠な愛を 享受する
現実 訳,現実 　 前に前に主が来る。 　 だんだん前に前に 　　 愛を持って主が来られる。 　 私を見て来られる。 　 長い長い日を待っていた。 　 夢を成した現実だ。 　 私も最後まで来た。 　 もう離れないでください。 　 最後まで愛して 　 黄金の天国まで 　 神様、聖霊様、御子、永遠に愛します。 　 長い長い日を待っていた。 　 夢を成した現実だ。 　 私も最後まで来た。 　 もう離れないでください。 　 最後まで愛して 　 黄金の天国まで 　 神様、聖霊様、御子、永遠に愛します。
現実,前に 前に 主が来る だんだん 前に 前に 愛を持って 主が来られる 私見て 来られる 長い日 待っていた 夢 成した 現実 最後まで 来た もう離れないでください 最後まで 愛して 黄金天国まで 　 神様 聖霊 御子 永遠に 愛します  長い日 待っていた 夢 成した 現実 最後まで 来た もう離れないでください 最後まで 愛して 黄金天国まで 　 神様 聖霊 御子 永遠に 愛します 神様 聖霊 御子 永遠に 愛します
悔い改めは命だ,自分の民を罪から救おうと 神は主を世に送った 罪は死亡だ 罪は死だ 悔い改めは命だ 御言葉に従う人 罪と死から出て自由になり　喜び走る 各自 罪を主に告げて 許し受け 清く生きよ 新婦の時代 身も心も清く 神様愛して　引き上げの永遠な生だ もうこれからは 罪を犯すな 御言葉行い 罪を治める 愛と義で 聖霊のよう 新婦に装い 光れ 主と美しく輝く喜びの生だ
希望の実現,人々よ 希望を成すまでは 影のような 心だけの天国だ 希望に燃え生きる人 絵に描いた餅のような 心だけの喜びだ 主を待ってる希望の人 考えだけ喜ぶ天国だ  希望 成せば 主に会って 夢ではない現実だ 身も心も 実体を得て 喜び 黄金天国だ 千年間 愛の婚宴だ 永遠な愛の生だ 希望成した人 まだ成せない人 天と地の差だ 貴く貴重だ 感謝し 賛美せよ 栄光を帰そう 心 思い尽くして 未練もない 希望 喜び 愛の生だ  希望成した人 まだ成せない人 天と地の差だ 貴く貴重だ 感謝し 賛美せよ 栄光を帰そう 心 思い尽くして 未練もない 希望 喜び 愛の生だ 栄光を帰そう 心 思い尽くして 未練もない 希望 喜び 愛の生だ 栄光を帰そう 心 思い尽くして 未練もない 希望 喜び 愛の生だ 愛の生だ 愛の生だ
今日はその日だ,今日がその日だ 主と約束した 会う日だ あまりに長い日々 やきもきし 目が痛むまで 待っていた その日だ その日だ あれほど長く 長い日を どうやって待ったのか 愛でなくては あれほど長い日を 変わらず 待てなかっただろう 十年を 一日のよう 待てはしなかっただろう 愛で会う その日が 今日だ 今日だ 今 今日だ 神様 聖霊様も われらを こうして会えるよう 助け 導かれた  主神様 聖霊 永遠に 永遠に 変わらずに ずっと 愛して 好きで 喜んで 生きていきます いつも 思い 対話して 見つめて 変わらずに 喜び 歌って 感謝もして 共に 食べて 楽しみ 新婦になって 生きます 好きで 離れず ぴったりくっついて 永遠に 永遠に 生きます
昨日も今日も 　　　　　　　　 　　　　　　　　　　　　　　　　　　　　　　　　　　,昨日も今日も　どこに行っても　 祈りと賛美　命の御言葉だ 命の御言葉だ 感謝と忠誠　恵みと真理だ　 聖霊の熱い　働き感動だ 今日も明日もなにをしても 　主を最優先に仕え生きよ 仕え生きよ 愛はただ主とわたしだけだ 主と変わらない　永遠な愛だ こころ思い命尽くし 神様主と 兄弟愛だ 兄弟愛だ 命は救いだ　御言葉管理だ　 信仰は実践だ　しるしが起こる 主よわたしいまこの世捨てて 主だけ愛して　主のため生きます 主のため生きます 主の御言葉で　備えているから 連れて行ってください　愛しています 昨日も今日も引き上げの生だ 肉は地で霊は黄金城引き上げだ 黄金城引き上げだ 引き上げの秘密 愛の世界だ 御子とその肉体 時代の御言葉だ 今日も明日も引き上げの生だ 肉は地で霊は黄金城引き上げだ 黄金城引き上げだ 肉の変化だ 霊魂の変化だ 引き上げ成した人 黄金の天国だ 御子と主の愛 引き上げ成させた 黄金の世界だ
繰り返しは変化の歴史,繰り返し行なえ それが変化の歴史だ 御言葉 繰り返し 読み聞き 実践だ 肉と霊も変化の歴史だ 熱い聖霊の歴史だ 完全に悟らせる 神と一体の御言葉の歴史だ  御言葉は神様だ その御言葉が肉となり 聖三位を主を通し見せる 繰り返しは次元上げる歴史だ 愛と対話で一体の歴史だ 引き上げ歴史だ  御言葉 読み聞く時間 神様と向き合う時間だ 対話し愛する時間だ 行なう時間 愛する瞬間だ 繰り返しは成功だ　勝利の歴史だ 繰り返し 繰り返し 喜びの歴史だ 繰り返し 繰り返し 喜びの歴史だ
記憶が命だ,そばにあっても 忘れたら 見つけられない 主管圏にあっても 探さないと 見つけられない 人は考えが命だ 記憶が命だ 成功するには 心 思い 命尽くし 考え 記憶 実践だ 初めの考え 記憶 忘れるな 忘れたら死ぬ 初めの熱い愛を忘れるな そばにいても あなたが呼ばなければ 通じない 肉は 聖霊と 主の霊が呼んでも わからない 霊が 聖霊と主を 呼びなさい 考え 心 集中 愛の対話 実践だ 主と聖霊 同行 忘れるな 忘れたら死ぬ 初めの熱い愛を忘れるな 初めの考え 記憶 忘れるな 忘れたら死ぬ 初めの熱い愛を忘れるな 主と聖霊 同行 忘れるな 忘れたら死ぬ 初めの熱い愛を忘れるな 初めの熱い愛を忘れるな
小雨,小雨は 行って来いと 降るのか 時になれば 行かなければ 時は それぞれ来るが 時を失ったら どうするか 神様 時を守れと おっしゃるけれど 未だに その時を知らず 生きるのか  神様 時を守れと おっしゃるけれど 未だに その時を知らず 生きるのか
『高麗人参の故郷クムサン』 訳,高麗人参の故郷、クムサン 韓国に位置した人参の故郷クムサンは美しい。 人は力が宝だ。 人参は神秘的な力の、御力の薬草だ。 神様がくださった贈り物。 先祖たちが譲ってくれた神秘的な薬草。 食べれば力が項羽のように湧き出る。 幸せな生だ。 人は熱だ。火だ。 人参も熱だ。火だ。 ああ、人に似た神秘的な薬草だ。 食べさえすれば熱が出る。熱くなる。 すべての疾病消え去って走る。飛ぶ。 健康だから幸せだ。 クムサンの人参は全世界に 末永く広がっていくだろう。 クムサンの人参、韓国の誇り、世界の誇りだ。 愛、愛、わが愛、クムサンの人参よ。 クムサンの人参よ。 クムサンの人参よ。 から繰り返し
攻撃と防御,人生は攻撃と防御の生だ 攻撃も防御も　良くしてこそ勝利する ファイト 攻撃は すべき事をする生だ 防御は 自分にぶつかる問題だ 誰でも この世生きる 人生の道は同じだ 神様に仕え 愛で 公義の攻撃と防衛の生だ 愛と平和で責任果たし 栄光の勝利の生だ  人生は攻撃と防御の生だ 攻撃も防御も　良くしてこそ勝利する 頑張れ 攻撃は すべき事をする生だ 防御は 自分にぶつかる問題だ 誰でも この世生きる 人生の道は同じだ 神様に仕え 愛で 公義の攻撃と防衛の生だ 愛と平和で責任果たし 栄光の勝利の生だ 栄光の勝利の生だ 栄光の勝利の生だ
神様の歴史は聖地で輝く,雄大でもある 実に美しくもあるのだな 神秘なる神様の 構想だ その姿 誰が見ても 感嘆する 感激 歌って栄光だ 創造者 神が 万物の霊長 われらと共に 造った自然の大聖殿は 千年歴史成しつつ 婚宴の歴史だ 静かな神様 隠密な聖霊 御子と行なった 栄光の世界だ 今日も時のよう　水の流れのよう 栄光 栄光は　変わりもない 　 　 休みもない あの降り注ぐ 聖霊の神秘の滝は 神が構想した 千年歴史 長らく降り注ぐ われらの愛なのだ 永遠な黄金天国向けて あのよう未練もなく降り注ぐ 愛は 今日も 川のように流れゆく 満ち潮のよう 引き潮のよう 絶えずに波打つ 永遠な歴史なのだ 千年歴史なのだ 未練もなく 希望の歴史は 地球回るよう 太陽が熱く 熱く照らすように 今日も変わらない 神様 このようにするため 長い歴史 われらの歳月 尽きるまで 変わりなく 揺れることなく 行なわれた 今は使うべきだ 素敵に有意義に われらは あの世界の雲のよう多い人 みな みな 来させて 人生の希望を成して行くべきだ 今日も神様の歴史は 聖地で輝く 太陽のよう 神の栄光のよう輝く 花咲き 松の香 風に舞いつつ 人間雲 絶える日ないとおっしゃった 神と聖霊の言葉通り ずっとそうだ 季節が行く 春が過ぎ夏が来て 満開になった
変わるな,風が流れ 雲も流れ 時間も流れる 私もつられて　心流れる 時間が流れ 歳月流れても 心は 変わりません 世が変わっても 我が愛変わりません 主の愛変わらないから 私 幸せです
貴重に使うべきだ,今はわれらは学んで磨いたものを 作ったものを 貴重に百倍千倍使うべきだ 磨くばかりしないで 作るばかりしないで 今は遅れる前に使うべきだ 万物も 作ったもの 使うべきだ あなたも私も もがきながら作った人々よ 時が過ぎる前に 遅れる前に使うべきだ  神様 聖霊様 主がくださったもの 使うべきだ 貴重に 毎日使うべきだ 主と共に 聖霊様と共に 神様に仕えて 甲斐あるように使うべきだ 日が暮れる前 時過ぎる前に 適時に使うべきだ 知恵でだ 知恵の御言葉 使うべきだ 肉体が終わる前 われらは経験して学んだこと すべて天のため 永遠に 永遠に行くため 主と共に 神様 聖霊様と共に使うべきだ
婚宴の門が開かれた,牧場の羊のような新婦たちよ あそこの天の門 見上げなさい 七宝丹粧 チルポタンジャン した新婦のよう われらのために用意したのだ われらのために用意したのだ 開いた 開いた 大きく開いた 千年史 婚宴の門 大きく開かれた 入れ 入れ さあ 入りなさい 待ってたわが主 会ってみなさい 待ってたわが主 会ってみなさい  開いた 開いた 大きく開いた 千年史 婚宴の門 大きく開かれた 入れ 入れ さあ 入りなさい 待ってたわが主 会ってみなさい 待ってたわが主 会ってみなさい
必ず成し遂げた,愛したから 愛した 好きだから 好きだった 天の御旨ならば 私 必ず 行おう おぉ 神様 長い悠久の歴史のため 成して来られたが  この時 私 呼び　目的を くださったが 　 誰が やるか　私が やり遂げた 六千年 ハンも多く 経緯も多い歴史だった 必ず 行おう　話された 御言葉 私も 必ず 行なった
この世に勝とう,この世に勝とう　困難に勝とう 恐れを 風に飛ばし　心に 　 聖霊の風を吹かせて われらは 行くべきだ 変わらない 揺れ動く波のよう われらを ゆらゆら揺らすが 行く道 同じだ 目的地は 変わらないのだ われらは 手をとって 心 一つにして 互いが 支えて 慰めて 神様 聖霊様 仰ぎ見つつ 恋い慕いつつ 行く生だ 楽しみだ 愛は 今日も 時のよう 波のよう 休まない この世に勝とう　困難に勝とう 恐れを 風に飛ばし　心に 　 聖霊の風を吹かせて われらは 行くべきだ 変わらない
ああ 摂理歴史,天の神様 見て 主がわれらと共にし 待ちに待っていた 地上天国 理想が 今も成される場所 主の御言葉あるから 日ごと燃える摂理史 引き上げの 幸せ 喜びが 皆 自由な所 信じたことは 何でも 成されゆき 神様の御心は 何でもできる ああ 神様摂理歴史 愛そう 永遠に  韓半島 岩のような中心圏 全世界に建てられた 摂理史 皆 燃え上がる 熱い心情で 御言葉のラッパ吹く場所 歴史は 東方から西方へ 地球全世界につながり 天の摂理史 遠く大きく 世界に広がってゆく このよう われらは 待っていた摂理のため このよう われらは新歴史を 歌うたう ああ われらの天の歴史 成約歴史 摂理史よ このよう われらは 待っていた摂理のため このよう われらは新歴史を 歌うたう ああ われらの天の歴史 成約歴史 摂理史よ われらの天の歴史 成約歴史 摂理史よ われらの天の歴史 成約歴史 摂理史よ
アルパとオメガ,わたしは アルパとオメガ 初めと終わりだ 行なった通りに 報いよう 初めは微弱だが 今は 壮大になった アルパは福音の歴史だ オメガ 神の創造目的 天と地でも引き上げの歴史だ 最後の 新婦の 愛の歴史だ
あなたが踏む地,あなたが踏んだ地 あなたと子孫に与えた あなたとの 永遠な嗣業にならせた その経緯 証し　千年間の歴史 広げよ 私が共にする 必ず うまくいき 栄えるだろう 愛の引き上げ 地にも 天にも 黄金天国 永遠な 歴史だ あなたと私だけ 手を繋いで 歩いた わびしい街が 輝くのだな 過ぎた日に 望んだ　夢の実現の歴史だ 過ぎた日 共にしたよう 三位の愛 変わらない 主の歴史だ　地にも 天にも 　 黄金天国 永遠な 歴史だ
我が主よ　あなただけを愛します 世が変わっても　主が願うなら,主の御心通りに私はいつも従います。 私の愛をあなたにすべて捧げます 世界のどんなものも天の太陽と月と霊魂までも 惜しむ私のすべてのものを 私は主の御言葉を信じて 主が行かれた道に従って いつも愛していこう わが愛　我が主よ 時には苦痛の道を歩むとも主と共にするなら 世のすべての誘惑に打ち勝ち 主に従います 我が主をあなただけを愛します 私の心　変わらず主を愛します 主は頭　私は体　いつも従います 私の愛　地上でも天でも 主のどんなことも素敵に実践し　 心がすっきりするように主のために生きます 主がおっしゃった御言葉を信じ 主が行かれた道に従って いつも愛していこう わが愛　我が主よ　 引き上げで永遠な喜びと 幸せな生を主と共に生きるから 天下をすべて得たかのような幸せな私の人生 永遠な主よ 私の人生　永遠な主よ
愛は永遠 とわ に,ただ主 あなたを愛します 変わりゆく世でも 主が願うなら 御心に いつも従い行く わが愛 あなたに捧げます 世のどんなものも 空の日と月 霊魂までも わが全て捧げる 主の御言葉 信じ 主の道に従い いつも 愛してゆきます　わが愛 わが主よ 時に 険しい道 歩んでも 主と共にすれば 試み全て 打ち勝って 主について行く  わが主 あなたを愛します 変わることなく 主を愛します 頭は主 わたし 体になる わが愛 地上でも 天でも 主のどんなことも 主の願うよう 素敵に行ない 主のため生きてゆく 主の御言葉 信じ 主の道に従い いつも 愛してゆきます　わが愛 わが主よ 引き上げで 永遠な喜びの生を 共に生きるから 天下を得たように 幸せな わが生 永遠な主よ わが生 永遠な主よ
,
愛は連れ合いだ,愛は連れ合い 見つけたなら　それ以上ないのだ 見つけたら　全ての人 その愛に　敵 かな わなくて 千年経ても　その愛は 幸せな　黄金天国 愛はひとつ　愛は永遠 変わることない　主と聖霊と真の愛 創造主神様 愛を最後までしてこそ永遠だ 神様　聖霊　主は　全ての人の連れ合い これ以上ない　永遠な愛だ あぁ　愛は永遠だ 連れ合い　永遠だ  愛はひとつ　愛は永遠 変わることない　主と聖霊と真の愛 創造主神様 愛を最後までしてこそ永遠だ 神様　聖霊　主は　全ての人の連れ合い これ以上ない　永遠な愛だ あぁ　愛は永遠だ 連れ合い　永遠だ あぁ　愛は永遠だ 連れ合い　永遠だ
愛と許しと寛容だ,天地万物 人々 神は 愛のため 創造なさった 愛と許し 寛容だ 神様 今日も 話される 聖霊様 今日も 感動くださる 主は 今日も お救いになる ここで足りないもの 他で満たすから 許しと寛容の心だ 愛と引き上げの生だ 神様 聖霊様 御子 天のよう 広い心だから 全世界 愛で治められる  ここで足りないもの 他で満たすから 許しと寛容の心だ 愛と引き上げの生だ 神様 聖霊様 御子 天のよう 広い心だから 全世界 愛で治められる 全世界 愛で治められる 全世界 愛で治められる
新しい歌,摂理の喜び 命の御言葉 見よ 新ただ 新しい歌 新歴史の人　歌いなさい 光のように 真理 実践せよ セノレを歌い 真理 伝えよ 三位の神に 栄光を帰そう 主を信じて 引き上げられた 栄光を帰そう 新しい歌で 三位も主も 喜び満ち 聖霊の愛の　御働きだ 主の熱い 真理で変化 創造主 ぬし の 目的の歴史
愛は美だ,考えの実相世界だ 考えの内容が 実に重要だ 考え通り する通り 肉も霊も 形が作られる 霊は愛で 美しい美が作られる 愛の実相は 美しい美の霊の姿だ 神の天地創造目的は 愛の対象の霊を 最高に素敵で美しい美に作られることだ 三位を愛すことで 肉も霊も 美しい美に 輝き変化する 引き上げられた肉 地上で 霊は 黄金天国で 千年の婚宴 三位と主共に 栄華だ 黄金天国 権勢は愛だ 美しい美だ うっとりと輝く聖霊に似て 美しい美で 素敵に輝く
愛するならば,愛するなら 何があっても 変わってはいけない 揺れてもいけない 理由も 言い訳も 合理化も あってはいけない  愛しなさい 神様の心 聖霊の心 わかり 心配させてはいけない わが心が 胸に刺さったか 考えに刺さったか 信じよ 行なえ　しるしの歴史だ 　 命の歴史だ 死亡の恐ろしい怖い地獄の生を 抜け出しなさい 今は 二つとない 行く道 一つしかない 千年間 行くべき道だ 今はもう言うな  今は 二つとない 行く道 一つしかない 千年間 行くべき道だ 今はもう言うな  神様 聖霊 今日もわれら 変わらないから 心配も悩みもしないでください 喜びの歴史 愛の歴史は 永遠に 必ず 神様のものではないですか ハレルヤ
愛の婚宴,チャッ チャッ チャッ チャッ クン チャッ チャッ チャッ チャッ クン チャッ チャッ チャッ チャッ 　 チャッ チャッ チャッ チャッ クン チャッ チャッ チャッ チャッ クン チャッ チャッ チャッ チャッ 　 時が来た 歌を歌う 時が来た 皆 出てきて 手を振り 足振り 首を振り 体 振って 新時代の歌 歌え 行こう 走ろう 神様に栄光 われら 帰すべきだ 互いに 皆 立ち上がれ　踊れ 一緒に 手足を振って 回しながら 歌を歌い リズムに乗り ハッ 神様 聖霊 見て 笑われる 体を ゆする 力湧く 時代の新婦よ 千年史 婚宴 素敵に美しく 愛の歴史を 未練なく 成して 生きるべきだ 霊魂 魂と共に 永遠な黄金天国 主人になって 神様 愛し　聖霊 愛し 主と共に 永遠に 生きるのだ チャッ チャッ チャッ チャッ クン チャッ チャッ チャッ チャッ クン チャッ チャッ チャッ チャッ 　 チャッ チャッ チャッ チャッ クン チャッ チャッ チャッ チャッ クン チャッ チャッ チャッ チャッ 　  千年史 婚宴 素敵に美しく 愛の歴史を 未練なく 成して 生きるべきだ 霊魂 魂と共に 永遠な黄金天国 主人になって 神様 愛し　聖霊 愛し 主と共に 永遠に 生きるのだ 永遠に 生きるのだ 永遠に 生きるのだ チャッ チャッ チャッ チャッ クン チャッ チャッ チャッ チャッ クン チャッ チャッ チャッ チャッ 　 チャッ チャッ チャッ チャッ クン チャッ チャッ チャッ チャッ クン チャッ チャッ チャッ チャッ 　 フイ
愛は極だ,愛は極だ　二人愛を熱くして 溶けてひとつになることだ 永遠な愛のために 変わってはいけない 三位の愛の対象となり 一体で生きることだ 愛は火だ　熱い火だ 地上で黄金天国　愛の生だ 霊も魂も肉も変わらない 聖三位　極の愛は　天の黄金天国の生 愛は極だ　愛は極だ　極は最高だ  愛は極だ　二人愛を熱くして 溶けてひとつになることだ 永遠な愛のために 変わってはいけない 三位の愛の対象となり 一体で生きることだ 愛は火だ　熱い火だ 地上で黄金天国　愛の生だ 霊も魂も肉も変わらない 聖三位　極の愛は　天の黄金天国の生 愛は極だ　愛は極だ　極は最高だ  霊も魂も肉も変わらない 聖三位　極の愛は　天の黄金天国の生 愛は極だ　愛は極だ　極は最高だ
愛す 愛す,愛す 愛す 愛します 主よ 愛す 愛す 愛します 主よ この命 全て捧げ わが命 捧げ 愛します 愛します ただ主 一人だけ まことに 永遠に ただ主 一人だけ この青春 捧げて 主だけを 愛します 愛します 主よ 行かないでください 主をおいて 行かないで このまま 永遠に 千年間 暮らしたい 帰ってきなさい 主の前に 帰りなさい このまま 永遠に 千年間 暮らしたい  愛します 主よ 行かないでください 主をおいて 行かないで このまま 永遠に 千年間 暮らしたい 帰ってきなさい 主の前に 帰りなさい このまま 永遠に 千年間 暮らしたい
命の御言葉を伝えよう,主の御言葉 伝えよ 初めは微弱だが たわわに実がみのるだろう 国々 福音の使命者を 送れ 教えよう 神様の創造目的 成そう 時代の若者 立ち上がれ 光 放て 命の御言葉 心霊に伝えよ 燃えあがる 真理の炎 わが青春 わが青春 愛で引き上げを成した 永遠な黄金天国だ  主の御言葉 伝えよ 初めは微弱だが たわわに実がみのるだろう 国々 福音の使命者を 送れ 教えよう 神様の創造目的 成そう 時代の若者 立ち上がれ 光 放て 命の御言葉 心霊に伝えよ 燃えあがる 真理の炎 わが青春 わが青春 愛で引き上げを成した 永遠な黄金天国だ 燃えあがる 真理の炎 わが青春 わが青春 愛で引き上げを成した 永遠な黄金天国だ 永遠な黄金天国だ 永遠な黄金天国だ
一片丹心 主よ,主に会った日 わかった 真理と愛の花 咲き 実を結んだ 真理で結ばれた愛　一片丹心わが主よ この身と心 変わりはしない この身は 離れはしない 幸せ摂理よ 嵐でも花咲き 実 結んだ 私新歴史 引き上げの新婦だ 長い歳月 主だけ見つめて 主のその声 どこで 聞くか 一片丹心 この心は 変わりはしない 離れはしない  主の御言葉 わかった 真理と愛の花 咲き 実を結んだ 長い歳月 主の身となって走った 雨風にも 花を咲かせ 実 結んだ 花 咲かせ 実を結んだ 幸せ摂理よ 嵐でも花咲き 実 結んだ 私 新歴史 引き上げの新婦だ 長い歳月 主だけ見つめて 主のその声 どこで 聞くか 一片丹心 この心は 変わりはしない 離れはしない  夜 過ぎれば 昼が来るよう 世の時過ぎ去り 天の時が来た 待ち に 　待っ てた 新歴史の主よ 全世界の為に 命の道 来た 険しい海 渡って来た 幸せ摂理よ 嵐でも花咲き 実 結んだ 私新歴史 引き上げの新婦だ 長い歳月 主だけ見つめて 主のその声 どこで 聞くか 一片丹心 この心は 変わりはしない 離れはしない　離れはしなーいー
明るく照らそう,神が住まわれるこの聖地 開拓しよう 共に 真心で 新歴史の使命者は われらだ 心情に火をつけ 明るく照らそう 美しい山と谷 故郷 ふるさと は 神がおられる よろず世の地 先祖が拓 ひら いた 素晴らしい地 開拓しよう 共に 血と汗で 新歴史の主人は われらだ 真理の主人になり伝えよう 御旨の摂理史よ 故郷 ふるさと は 神がおられる 永遠な聖地
今が大事だ,今が大事だ 今が大事だ この時間が大事だ 　 今していること うまくやろう いつでも今が大事な時だ 誰でも今 ちゃんとやろう  今が過去より 未来の成功 左右する 今をよくやれば 成功だ 今 最後までやれば 勝利する していること 心 思い尽くし 気を抜かず うまくやろう きちんと判断して 知恵深く 行おう 三位の愛 忘れるな  今あなたの考えが どうなのかが大事だ あなたがすること うまくやろう いつでも今が重要だ 誰でも今 ちゃんとやろう 過去や未来より 今運命 左右する 考え 良くすれば成功だ 今までの努力が決まる 主と聖霊と 心思い尽くし 気を抜かず 尋ねてしなさい 確認し よく見分けよ 知恵深く行おう 三位の愛 忘れるな 主と聖霊と 心思い尽くし 気を抜かず 尋ねてしなさい 確認し よく見分けよ 知恵深く行おう 三位の愛 忘れるな 三位の愛 忘れるな 三位の愛 忘れるな  今が大事だ　この時間が大事だ
新しく生きなさい 嶄新地生活吧,新時代は　全て新しい生だ 在新時代 所有人 要度過新生活 神様 新時代 新歴史を 成される 耶和華會展開 嶄新時代 新歷史 聖三位主と 新歴史成された 聖三位與救主 已達成 嶄新歷史 新たにしてこそ希望 成される 嶄新地行動 才能達成實現 嶄新的希望 新たにしてこそ 三位と我ら願う目的 成される 嶄新地行動 才能夠 達成聖三位與我們所期盼的 嶄新的目的 主と日々新しくしてこそ 日々希望歓喜の生だ 每天都要與主 嶄新地去行動 才會每天度過 希望喜悅生活 御言葉 愛 歌も 新たに変化だ 話語 歌曲 以及愛 都要變化更新 新しい理想世界 永遠な　黄金天国だ 嶄新的理想世界 永恆的黃金天國啊  新時代は　全て新しい生だ 在新時代 所有人 要度過新生活 神様 新時代 新歴史を 成される 耶和華會展開 嶄新時代 新歷史 聖三位主と 新歴史成された 聖三位與救主 已達成 嶄新歷史 新たにしてこそ希望 成される 嶄新地行動 才能達成實現 嶄新的希望 新たにしてこそ 三位と我ら願う目的 成される 嶄新地行動 才能夠 達成聖三位與我們所期盼的 嶄新的目的 主と日々新しくしてこそ 日々希望歓喜の生だ 每天都要與主 嶄新地去行動 才會每天度過 希望喜悅生活 御言葉 愛 歌も 新たに変化だ 話語 歌曲 以及愛 都要變化更新 新しい理想世界 永遠な　黄金天国だ 嶄新的理想世界 永恆的黃金天國啊 新たにしてこそ 三位と我ら願う目的 成される 嶄新地行動 才能夠 達成聖三位與我們所期盼的 嶄新的目的 主と日々新しくしてこそ 日々希望歓喜の生だ 每天都要與主 嶄新地去行動 才會每天度過 希望喜悅生活 御言葉 愛 歌も 新たに変化だ 話語 歌曲 以及愛 都要變化更新 新しい理想世界 永遠な　黄金天国だ 嶄新的理想世界 永恆的黃金天國啊 新しい理想世界 永遠な　黄金天国だ 嶄新的理想世界 永恆的黃金天國啊 新しい理想世界 永遠な　黄金天国だ 嶄新的理想世界 永恆的黃金天國啊
新しく生きなさい,新時代は　全て新しい生だ 神様 新時代 新歴史を 成される 聖三位主と 新歴史成された 新たにしてこそ希望 成される 新たにしてこそ 三位と我ら願う目的 成される 主と日々新しくしてこそ 日々希望歓喜の生だ 御言葉 愛 歌も 新たに変化だ 新しい理想世界永遠な　黄金天国だ
一生一作,もうすぐ着く　勇気を出せ 力なく 愛よ 座っていたら 私はどうする あなただけ 見て来たのに あなたの手を握り　行く道 あるか 全能なる神様 あなたのこと 話そうと 行くのに 座っていたら どうするか 行こう　時になった あの天も待っていて あの雲も立って待ちながら 見せて悟らせてくれる そう まさにこれだ 立ち上がり　我が手を握り 引っ張って行く姿が 愛よ　美しい 力が湧く 素敵だ だから 私があなたを選んで ここまで来たのだ 我が 一生一作だ　一生一作品だ  変わりもせず　揺れもせず 台風が吹いても　風 吹いても 季節が来て去り 雨 風 吹雪 吹いても 変わらない姿が 美しい その人生の香りが 風に乗って 香りを放つ　春の日 かぐわしい 春の日 美しい　私のように 暖かく 希望満ちる
熱く愛する,古い時代過ぎ　新時代来た 御言葉聞いてみよ 聖霊の火熱く燃えてくる 熱く　熱く　熱く 感動　感動　感動する 待ってた主が来られ 希望が成された 愛し　愛し　愛してる 熱く　熱く　熱く 待ってた愛の引き上げ 昇る　昇る　昇る 黄金天国　黄金天国　黄金天国 神様　聖霊　主　御子 輝かしい　美しい　永遠だ 愛す　主だけ愛す  古い時代過ぎ　新時代来た 御言葉聞いてみよ 聖霊の火熱く燃えてくる 熱く　熱く　熱く 感動　感動　感動する 待ってた主が来られ 希望が成された 愛し　愛し　愛してる 熱く　熱く　熱く 待ってた愛の引き上げ 昇る　昇る　昇る 黄金天国　黄金天国　黄金天国 神様　聖霊　主　御子 輝かしい　美しい　永遠だ 愛す　主だけ愛す 輝かしい　美しい　永遠だ 愛す　主だけ愛す
一番大きい本,世界で一番大きい本を見せてくださった 私にイェス様がおっしゃった 「神様が創造した天地万物だ」 万物通した自然啓示 自然啓示見せてくださった 私に わが主がおっしゃった 「神様が万物通し 対話してくれる」 世界で一番大きい人を見せてくださった 私に わが主がおっしゃった 「神様が遣わしたキリスト主だ」
美しい月明洞,鳥も 聞いて行き　獣も 休み行く 美しい 月明洞 神秘の 形象に　時代の人々 感嘆し 喜ぶ 今日も セノレ歌い　希望 満ちる 雲も 休み行き　風も 止まり吹く 月明洞は 不思議だ 新歴史 御力の 主の御言葉 万物も 賛美する 今日も セノレ歌い　希望 満ちる  御子の 愛と 引き上げの 歴史だ 主と 三位の 栄光の 永遠な 歴史だ 御子の 愛と 引き上げの 歴史だ 主と 三位の 栄光の 永遠な 歴史だ
位置が大事だ,神様 造られた 天地万物 人々 地球 世界 美しく雄大で神秘的だ 位置が大事だ 宝の場所だ 誰が 秘密を 悟って見つけるか 神を愛する人にくださった を 月明洞 黄金の地 美しく神秘的だ  神様 造られた 天地万物 人々 地球 世界 美しく雄大で神秘的だ 位置が大事だ 宝の場所だ 誰が 秘密を 悟って見つけるか 神を愛する人にくださった を 月明洞 黄金の地 美しく神秘的だ
生き返った人 神になる,死んだ者よ 生き返りなさい 生きれば 私と共に 主と共に 千年間 暮らせる 行なえば 生きる 実践すれば 生き返る 私と やらねばならない 主のように 主のように 大変でも すれば 生き返る  今日も 私と　明日も 私と共に 大変でも 行なえば 生き返る 　 生き返れば 神になり 生きてゆく 神様 聖霊様 力をください 力がなくて 歩けません 行なえません 能力の神 全能なる神様 私に力をください  主に従い 行ないます 大変でも 難しくても やりつつ 生きてゆきます 今は 生き返った 今は 復活した 主と共に 毎日 愛して 喜んで 経緯 分かち合い 生きてゆこう 愛して 喜んで 経緯 分かち合い 生きてゆこう 生きてゆこう  私を掴みなさい しっかりと 足首掴み 手首を掴み わが心と考えを 掴め ついて来い 行く道 遠く遠い 貴い時間 黄金のような時間が 今 流水のよう 過ぎてゆく 御旨 成した 創造の目的ではないか 永遠に 我らは成した もう安心だ　成し遂げた 　 必ず成し遂げた あなたも私も 過ぎた日 もがきながら行なった 皆が これからは 神様 仕え 聖霊様 仕え 主のように 生きよう 神様 仕え 聖霊様 仕え 主のように 生きよう
今は先を行く,今は セノレが この世より 先を行く あの世の死んだ歌 遅れて 死の道を 行ってる 聖霊様の歌詞　神様 作曲した 歌 私 歌手になって 歌 歌う 命の歌　命の時代のセノレ 世の中より 先を行く 神様 聖霊様 愛の対象になったから 美しい 時代のセノレを 歌いなさい 歌ってみなさい　歌ってみなさい 　 この世 終わるまで 永遠な歌を　愛の歌を 　 今日も 歌ってみよう  命の歌　命の時代のセノレ 世の中より 先を行く 神様 聖霊様 愛の対象になったから 美しい 時代のセノレを 歌いなさい 歌ってみなさい　歌ってみなさい 　 この世 終わるまで 永遠な歌を　愛の歌を 　 今日も 歌ってみよう
美しい人生,創造主 神の目的 持って 生まれた 希望と喜びの生だ 良き世界に生まれたから 素敵に 義をもって 美しく生きるべきだ 天地万物 つくられた 神様 聖霊様 御子 仕え 義の生 生きるべきだ 肉体も 霊魂も 美しく 生きて わが霊魂 永遠な黄金天国 行って 神様 聖霊 御子 仕え 私救った主と 愛して 永遠に 生きよう  天地万物 つくられた 神様 聖霊様 御子 仕え 義の生 生きるべきだ 肉体も 霊魂も 美しく 生きて わが霊魂 永遠な黄金天国 行って 神様 聖霊 御子 仕え 私救った主と 愛して 永遠に 生きよう 肉体も 霊魂も 美しく 生きて わが霊魂 永遠な黄金天国 行って 神様 聖霊 御子 仕え 私救った主と 愛して 永遠に 生きよう 私救った主と 愛して 永遠に 生きよう
祈りは仕事だ,祈りは仕事だ 仕事すれば成されるように ふさわしい祈りは成してくださる 自分と 兄弟と民族のため祈れ 真心で 熱心に 祈りの仕事をせよ 神も 聖霊も 御子も 願われ 時来て 喜び 成してくださる 祈りは煮込むことだ ぐつぐつ 火を通すことだ 時間かけて 熟す実のように 四十、七十、百十日 祈り熟させることだ 神は喜ばれ 答えられる 祈りは対話だ 対話をして解くことだ 落胆せず信じ 最後まで祈りだ 祈りは御力 しるしの歴史だ 祈りと平和で 西海岸の満ち潮 神は止めた 終末の神の裁きの証 主が話された時 群衆の中 マレーシア　 ポートディクソン海岸の満ち潮 止められた 祈りの御力だ 御言葉の御力 証の御力だ 最後まで祈りだ 時満ちるまで 喜び 主と祈りだ 経緯 いきさつ の祈り 愛の祈りだ 引き上げられた人の しるしの祈り 神は天の人の祈りを聞かれる 過ぎた日のように 必ず成してくださる ハレルヤ ハレルヤ ハレルヤ ハレルヤ ハレルヤ ハレルヤ アーメン アーメン
栄光の道,主ゆかれた道　栄光の道です 主ゆかれた道　命と救いの道です 暗い所も　主がゆけば　昼になり輝く ひとり行かれた道　愛の道 偉大で すべての人救う　栄光の道でした すべての人 命の道だから 喜び行 ゆ きます  雨風吹雪患難も　時にくるけれど スリルあり　大胆で　勇敢でした 三位の新婦になり　黄金天国成して 千年王国婚宴の　愛を成しました 三位の新婦になり　黄金天国成して 千年王国婚宴の　愛を成しました  主ゆかれた道　栄光の道です 主ゆかれた道　命と救いの道です 主ゆかれた道　栄光の道です 主ゆかれた道　命と救いの道です
黄金の時間,大きな時間 大きく使い 小さい時間 小さい場所に使いなさい 時間はお金だ 大きな時間 小さい場所に使ったら 大きいことができない 事の大小に応じて 黄金の時間 使いなさい 小さいことは 隙間の時間で 稲妻のようにやり 大きいことをする場所に 大きな時間だ 黄金の時間使い 成功だ 大きな時間 惜しみ惜しみなさい 大きく使い 成功だ 人生うまく生きられるかは 黄金の時間、お金の使い方だ 成功 失敗 左右する 時間を惜しみなさい 命のよう貴重に使え  大きな時間 大きく使い 小さい時間 小さい場所に使いなさい 時間はお金だ 大きな時間 小さい場所に使ったら 大きいことができない 事の大小に応じて 黄金の時間 使いなさい 小さいことは 隙間の時間で 稲妻のようにやり 大きいことをする場所に 大きな時間だ 黄金の時間使い 成功だ 大きな時間 惜しみ惜しみなさい 大きく使い 成功だ 人生うまく生きられるかは 黄金の時間、お金の使い方だ 成功 失敗 左右する 時間を惜しみなさい 命のよう貴重に使え 成功 失敗 左右する 時間を惜しみなさい 命のよう貴重に使え
愛の感謝,感謝 喜び 祈りの対話だ 　 過去に神様 聖霊様 全知全能なる大きな愛で いつも助けて 死から生かしてくれた恵み 数万回 数千回助けて 愛してくれたその愛 感謝 栄光  物質でもできず お金でも返せない 愛の感謝なのだ 熱い心 考え 生の感謝なのだ いつも感謝するその愛に 今日も各自感謝せよ 感謝 栄光 その恵み永遠に 感謝 栄光 その愛感謝 霊魂を救ってくれて 肉体も救ってくれて 　 肉体一生 霊魂永遠に 永遠に 全能なる神様と聖霊様 御子に仕え 永遠に 永遠に生きるように 霊も肉も生かされた恵み 日々どんなことあろうとも うまくいかない時も 感謝 感謝 栄光 栄光 喜びで生きるべきだと 今日も神様 聖霊様 話してくれた 栄光 その恵み永遠に 栄光 栄光 感謝 栄光
愛の歌を歌ってみよう,神様聖霊様呼んで 歌を歌ってみよう 愛の歌を  世に多くの歌 多くの数千人数万人 地球世界轟くほど 夜明けまで 歌を歌う歌手は多く多いが 神様聖霊様 天地万物創造された 創造主 全知全能なる 神様聖霊様の歌を歌う人 誰がいるというのか 神様聖霊様呼んで 歌を歌ってみよう 愛の歌を  世に溺れ 死亡の道 行きながら 好きで喜んで 夜明けまで 歌うあの人たちよ お前が歌手か お前が創造主の息子娘か 神様聖霊様呼んで 歌を歌ってみよう 愛の歌を 神様聖霊様呼んで 歌を歌ってみよう 愛の歌を
愛しています 死ぬほど忠誠を尽くします,主がいれば嬉しいです いつも主と共に生きたいです 生きたいです 主がいれば嬉しいです いつも主と共に生きたいです 生きたいです しかしわれらは行く道がたまには時には 分かれて行かなければなりません 主よ 川のように流れ行き また会うでしょう 命を救うため行く主よ 命を管理して導くため行く主よ われらは 天の天の運命のようです 天命のようです  速く チーターのよう 地上を飛びながら 鷲のように 空を大胆に飛びながら 神様 聖霊様の体になって行なうのです すっきりするほど すっきりするほど 話してくれ 今日もこの街を歩いています 走っています 主はあの空のもとで何をしてるか 気になります 忙しいだろうけど 一言の知らせが待ち遠しいです 主も私もあまりにも言いたい言葉は 愛しています 死ぬほど忠誠を尽くします 愛しています 死ぬほど忠誠を尽くします
愛の目的を成した,われらよくて 聖霊様 神様よければ それでいい 生きる道 見つけたから 今はもう 歳月よ 過ぎて行け 天国向かい 愛の目的成した あの天の黄金天国 日が昇り沈むまで 月が出て星まで照らす夜も われらは神様聖霊様仕えて われらは行くべきだ 歌の経緯の御言葉 私たちと神様と、私と共に愛するなら、もうよし。 道は見つけた。歳月が過ぎてももう大丈夫だ。 今は、私たちは天国への道に向かって 永遠な黄金天国に向かって行くから 今は日が昇って沈むまで いそしんで甲斐に満ちた生を生きようというのです。 天国向かい 愛の目的成した あの天の黄金天国 日が昇り沈むまで 月が出て星まで照らす夜も われらは神様聖霊様仕えて われらは行くべきだ 愛の世界だ 信じ生きる 未練もない 素敵に有意義に生きていきます
証した,今日も 日が昇り 西の山沈むまで 月が出て 星を照らすまで 私は走り走った 時には飛び回ったのだ  神の御言葉伝え 聖霊様 私通して 神様証し 聖霊様証したのだ すべきことやった 聞く人 見る人 感動だったのだ 神様 私と共にし あなたと共にすると 信じよ 愛しながら 人生を生きてゆくのだ 虚しい人生の生を 今はもうやめるべきなのだ  空の星のように 月のように 昼の日のように 人間たちよ あなたも 創造主神様 創造した通り 生きなさい そしたら 人生虚しくなく 甲斐あり 美しく 壮大に 毎日生きてゆく 生が尽きるまで 神様 聖霊様 愛しながら生きて 肉体が尽きたあと 霊魂が行ない通りに 神様用意されたその国 黄金天国行って 永遠に 永遠に 神様と 聖霊様と 御子と生きるのだ
命の道を見つけた,あの漆黒のよう暗い夜 われらの霊魂さまよい 命の道を探した 天見て地を見て 果てない わが行く道 過ぎた日 われら 生きてきたのだ 今は神様 聖霊様 われらの命の道になり 行く 夜 よ が明け 空が白んで 東に日昇り 西に沈むまで 命の道 探し われら生きてきた 今は神様 聖霊様 命の道になられた 今は神様 聖霊様 われらの命の道になり 行く 夜 よ が明け 空が白んで 東に日昇り 西に沈むまで われら 今は 見つめて考えて 行く 行く 命の道へ 命の道 永遠な道に向かい われら 今は 見つめて考えて 行く 行く 命の道へ 命の道 永遠な道に向かい 命の道 永遠な道に向かい 命の道 見つけた
教えてあげた,知らずにいる人に 天の前で学んだこと 遣わしたとおり教え また教えて 舌がすり減り 足がすり減るほど走り回って 教えてあげた 行なわせた 歳月過ぎ 長い歴史進み 今はみな育ち 私と共に教えてあげ あちこち走って 足すり減るほど教えるその姿 甲斐満ち 美しい  歳月過ぎ 長い歴史進み 今はみな育ち 私と共に教えてあげ あちこち走って 足すり減るほど教えるその姿 甲斐満ち 美しい 今は神の御旨成したのだ 寝ても覚めてもいつも 神様 聖霊 御子主の体になり 生きてゆく永遠な引き上げの愛の生なのだ力湧く 希望満ちる われらの生はいつも 永遠な愛の生だ
愛は宝だ,愛は宝だ　最高に輝く美しい宝だ 　 愛は関心と管理だ 心思いつくして管理だ 　 神様　聖霊　愛 主と人への愛　万物愛だ 愛した分　愛を受ける 　 愛は変わらず真実だ　感動だ、永遠だ  神様　聖霊　愛 主と人への愛　万物愛だ 愛した分　愛を受ける 　 愛は変わらず真実だ　感動だ、永遠だ 感動だ、永遠だ 感動だ、永遠だ
愛は神様の心だ,愛は何か 憎しみは何か ああ いくら経験しても 考えてみても 分からないと言うが 愛は神様の心だ いつも その心 持って 生きるべきだ 変わったら終わりだ おしまいだ 悟り 分かって 真 しん に 真実に 愛することだ  愛は神様の心だ いつも その心 持って 生きるべきだ 変わったら終わりだ おしまいだ 悟り 分かって 真 しん に 真実に 愛することだ
行こう 時になった,行こう 時になった 今は行かねば 天も待ち あの雲も立ち 待っている 時になった すべきこと 神様 話される 瞬間の時を あなた 逃すな いつも 肝に銘じ この箴言 脳に 骨に入れて 行ないます だから どこでも その考えで 時に来る すべて パッパッと 行ない 得るべきものを 得ます  瞬間の時を あなた 逃すな いつも 肝に銘じ この箴言 脳に 骨に入れて 行ないます だから どこでも その考えで 時に来る すべて　パッパッと 行ない 得るべきものを 得ます
愛の道,私も あなたも来た 今日も われら 神様 聖霊様 一つになり 行くべき 永遠な 愛の道だ 変わることなく　言葉も尽きない 　 摂理道は　いつも 自負心 　 いつも 希望が 太陽のよう 光 放つ 永遠な われらの 愛は ついに 御旨 成した 主神様 永遠な 約束 今日も 変わることもない  愛は ついに 御旨 成した 主神様 永遠な 約束 今日も 変わることもない 私も あなたも来た 今日も われら 神様 聖霊様 一つになり 行くべき 永遠な 愛の道だ
受け取ってください,過ぎた日 今まで過ごしたこと 主の大きい恵みだ 神様 聖霊 愛 愛 その恵みです 忘れず 賛美して 感謝して　愛して　生きなければ 　 　 くださった　恵み 愛 今日も われら 忘れず　感謝します 　 心も　命も　思いも尽くして 　 　 感謝して 感激し ありがたく 忘れずに　生きてゆきます 　 永遠な黄金天国 行かせてくださり あれこれ 考えなかったものまで 満たされた 神様 聖霊様  悟って われら　この時間 　 感謝 感謝 栄光 栄光 愛 愛します この心も　捧げたものも お受けください 心捧げ　得たものも捧げ 真に感謝し 捧げます 　 真に感謝し 捧げます 　 アーメン
祈りなさい,あなたのための祈りが 成されたように 人々のため祈れば成される 　 祈りを信仰に堅くたち 深く悲しみ真心で祈れ この世に今ほど祈りが 必要な時はない 夜昼なく日々祈れ 聞いてあげる 祈りを信仰に堅くたち 深く悲しみ真心で祈れ 私を最優先にして生きなさい 　 あなたは命で買ったわたしのもの 祈りを信仰に堅くたち 深く悲しみ真心で祈れ 延期した時間さえも終わり近い 急いで悔い改め備えなさい 祈りを信仰に堅くたち 深く悲しみ真心で祈れ あなたたちが思うよりも もっと早い 時間を惜しみ清く備えなさい 祈りを信仰に堅くたち 深く悲しみ真心で祈れ 祈りを信仰に堅くたち 深く悲しみ真心で祈れ
永遠な愛の生,神様に 栄光だ 聖霊様に 栄光だ 神様に 栄光 栄光 帰そう 帰そう 賛美の歴史だ 歌って 愛しながら 主神様に 栄光を帰そう 帰そう 天の神様 地上で語られて 聖霊様 共になさり 感動と御言葉だ 永遠な愛は 変わりがないのだ 神様 永遠な愛の歴史だ  天の神様 地上で語られて 聖霊様 共になさり 感動と御言葉だ 永遠な愛は 変わりがないのだ 神様 永遠な愛の歴史だ 愛の歴史だ
永遠な愛,聖霊様 神様 心から愛します わが愛は 真実な愛です なぜ　好きだからです 　 あまりに好きだからです 真実な愛だけです 私は一度愛したら 永遠な愛です 永遠な愛だけです 永遠な愛 永遠な愛だけです 今日も明日も 愛だけです 私を愛する人たちよ 私だけ愛さないで 永遠な愛の神様 聖霊 御子を 愛しなさい 愛してくれ  私を愛する人たちよ 私だけ愛さないで 永遠な愛の神様 聖霊 御子を 愛しなさい 愛してくれ 愛は永遠なものなのだ
縁,袖が触れても 縁なのに 肌が触れたら ただの縁だろうか 運命だ　運命だ 　 袖が触れれば 十年の縁 肌が触れれば 百年の縁 心触れれば 千年間 暮らしてゆく 袖が触れても 縁なのに 肌が触れたら ただの縁だろうか 運命だ　運命だ 　 袖が触れれば 十年の縁 肌が触れれば 百年の縁 心触れれば 千年間 暮らしてゆく ああ そうだ 神様に触れれば いったい何年を共に暮らすのだろうか 何年どころではない 永遠に 永遠に 縁を結んで愛し合って生きる 運命だ
行なうとおりに,幸せに生きるのだ 本当に 素敵に生きよう 人生を本当に努力し いそしみ 熱心に走り生きよう 人々みんな同じだ 行なうとおりになる 行なうとおりになるのだ 神様 おっしゃられる すべての人よ 私はアルパとオメガだ 行なうとおり 善と悪で 報いよう  死ぬほど義を行なえ 愛を行なえ  大変で つらくても 苦労しても 患難迫害 吹雪が吹いても 雨風 とめどなく 降り注いでも 神様 愛して 聖霊の感動どおりに 生きます 主と共に 手を取り 一体になり 幸せに 御言葉 従い 生きてゆきます どこへ行っても いつも 考えながら いそしみ 心 思い 命 尽くして 生きてゆきます 生きてゆきます
